BluetoothAddress,DeviceId,AccountId,ActivationThreshold,AdvertisingDurationInMilliseconds,AdvertisingIntervalInMilliseconds,IsAutotuneEnabled,BatterySenseIntervalInSeconds,BatteryVoltage,BatteryVoltageThreshold,DisplayName,MagnitudeRMSInMilliGThreshold,FirmwareVersion,GatewayIMEI,HighTemperatureAlarmThresholdInCelsius,IsBatteryGood,IsConnected,IsHighTemperatureAlarmEnabled,IsIndefiniteAdvertisingEnabled,IsInSyncWithPortal,IsLongRangeModeEnabled,IsLowTemperatureAlarmEnabled,IsSensorOfflineAlarmEnabled,LastSeenUtc,Latitude,Longitude,LowTemperatureAlarmThresholdInCelsius,MissedHeartbeatMultiple,NotifyBCExtension,OutputDataRate,ProvisioningState,Scale,SensorAssetTypeId,SensorModelId,SiteId,TemperatureSenseIntervalInSeconds,IsMotionAlarmEnabled,IsLowBatteryAlarmEnabled,IsVibrationSampleEnabled,VibrationIntervalInSeconds,IsVibrationAlarmEnabled,VibrationAlarmThresholdInMilliG,Description,IsLeakAlarmEnabled,LevelReferenceInMillimeters,LeakAlarmLevelThresholdInMillimeters
10203FE748DD,LA1-00001,b1a7a54e-fd59-ec11-8f8e-000d3a09c7d0,30,15000,1000,0,60,3,2,LA1-00001,960,0.0.2,351249951964467,85,1,0,1,1,1,1,1,1,2025-01-10 03:59:49.000,49.2858185934,-123.122292851,-40,2,0,5,0,1,18,2,89805107-7331-ee11-bdf4-000d3af4fe83,0,1,0,0,0,0,0,,0,100,0
11222D1FEAC1,MA1-00388,85a8fb3b-d064-eb11-a812-000d3a09c0c9,20,15000,1000,0,600,2,2,MA1-00388_FW v1.0.8,640,1.0.801,351249952210274,85,1,1,1,0,1,1,1,1,2025-02-11 19:43:00.000,49.2849988,-123.1223154,-40,2,0,5,0,1,25,1,b7606a7c-a3bb-4f25-af37-6ce00d49cbd0,120,1,0,1,3600,1,10000,,0,0,0
1556DF1549F0,BTAT0006,b1a7a54e-fd59-ec11-8f8e-000d3a09c7d0,15,4000,1000,0,0,2,2,Reset  test,480,1.0.6,351249951983574,85,1,0,0,0,1,1,0,0,2025-01-30 17:11:15.000,48.3,-123.5,-40,2,0,5,0,1,,1,b5f34ea9-da8a-ed11-81ad-002248d51dac,900,1,0,1,3600,0,0,,0,100,0
1677659ED4FE,LA1-00004,b1a7a54e-fd59-ec11-8f8e-000d3a09c7d0,30,15000,1000,0,1800,2,2,LA1-00004,960,0.0.4,351249951964467,85,1,0,0,1,1,1,0,0,2025-01-25 02:27:11.000,49.2858704823,-123.122135986,-40,2,0,5,0,1,,2,89805107-7331-ee11-bdf4-000d3af4fe83,0,0,0,0,3600,0,0,,0,100,0
2023D87B9EF0,MA1-01270,55a0919b-3a7c-ef11-ac20-0022483c4e5c,127,15000,1000,0,3600,2,2,HP21 - Compressor,4064,1.0.1,351249951941168,85,1,1,1,0,1,1,1,1,2025-02-11 19:37:21.000,49.2817353821,-123.129727198,-40,2,0,5,0,1,25,1,2527DD52-F661-42B9-A391-F6042DDAB716,1200,0,0,0,3600,0,0,,0,0,0
258790F60CDD,MA1-00016,b1a7a54e-fd59-ec11-8f8e-000d3a09c7d0,127,15000,1000,0,0,3,2,MA1-00016,4064,1.0.6,351249951983574,30,1,0,1,0,1,1,1,0,2025-01-29 18:33:33.000,,,0,2,0,5,0,1,,1,b5f34ea9-da8a-ed11-81ad-002248d51dac,1800,0,0,1,3600,0,0,,0,100,0
25A596BB0BF4,BTAT0081,85a8fb3b-d064-eb11-a812-000d3a09c0c9,20,15000,1000,0,0,2,2,BTAT0081_FW v1.0.8,640,1.0.801,351249952210274,85,1,1,1,0,1,1,1,1,2025-02-11 19:44:21.000,49.286436,-123.122038,-40,2,0,5,0,1,16,1,b7606a7c-a3bb-4f25-af37-6ce00d49cbd0,120,1,0,1,3600,1,10000,,0,0,0
2C3E44958CD1,BTAT0041,b1a7a54e-fd59-ec11-8f8e-000d3a09c7d0,40,15000,1000,0,1800,2,2,BTAT0041_Display,1280,1.0.8,351249951965613,24,1,0,1,0,1,1,1,1,2025-02-05 00:17:12.000,49.2849420572,-123.121250489,6,2,1,5,0,1,17,1,f6e686db-d045-4790-9f54-1aa686fad426,240,1,0,0,3600,0,0,,0,100,0
2C93E793C4D9,BTAT0051,b1a7a54e-fd59-ec11-8f8e-000d3a09c7d0,15,2000,501,0,120,3,2,BTAT0051,480,1.9.8,351249951964467,85,1,0,1,0,0,1,1,1,2025-01-27 21:27:58.000,49.2858433913,-123.122145237,-20,2,0,5,0,1,14,1,89805107-7331-ee11-bdf4-000d3af4fe83,240,1,0,0,0,0,0,Development device,0,100,0
314A3CFB20EF,LA1-00003,b1a7a54e-fd59-ec11-8f8e-000d3a09c7d0,10,4000,1000,0,60,3,2,LA1-00003 Floor 23 Dishwasher CoGo,320,0.0.4,351249951964467,84,1,0,0,1,1,1,0,1,2025-02-04 20:27:51.000,49.2857851293,-123.122276749,-40,2,0,5,0,1,18,2,89805107-7331-ee11-bdf4-000d3af4fe83,0,1,0,0,0,0,0,,0,100,0
32E7FC97E7D1,BTAT0079,b1a7a54e-fd59-ec11-8f8e-000d3a09c7d0,20,4000,1000,0,60,2,2,BTAT0079,640,1.0.5,351249951964467,85,1,0,0,1,1,1,0,1,2025-01-31 16:22:50.000,49.285849421,-123.122268922,-40,2,0,5,0,1,14,1,89805107-7331-ee11-bdf4-000d3af4fe83,900,1,0,0,0,0,0,,0,100,0
33E774854CFB,BTAT0047,b1a7a54e-fd59-ec11-8f8e-000d3a09c7d0,25,15000,1000,0,600,2,2,BTAT0047,800,1.0.8,351249952210118,21,1,1,1,1,1,1,1,1,2025-02-11 19:32:26.000,49.2849420573,-123.121250488,2,2,1,5,0,1,18,1,f377233f-3176-43d7-81d9-31879071746d,600,1,0,1,3600,1,10001,Senor in Fridge,0,0,0
33F285DF2AF3,MA1-00260,b1a7a54e-fd59-ec11-8f8e-000d3a09c7d0,45,15000,1000,1,300,2,2,CoffeeMachine -00260,1440,1.0.8,351249952210118,27,1,1,1,1,1,1,1,1,2025-02-11 19:35:27.000,49.2865143317,-123.122138738,17,2,1,5,0,1,18,1,F377233F-3176-43D7-81D9-31879071746D,720,1,0,1,3600,1,10000,This is the sensor mounted on the coffee machine,0,0,0
344AA8109BCE,BTAT0045,b1a7a54e-fd59-ec11-8f8e-000d3a09c7d0,25,5000,501,0,960,2,2,BTAT0045_Display1,800,1.0.801,351249951965613,24,1,1,1,0,1,1,1,1,2025-02-11 02:07:16.000,49.2854444,-123.1249649,2,2,1,5,0,1,18,1,f6e686db-d045-4790-9f54-1aa686fad426,660,1,1,1,3600,1,10000,Sensor running on Dev connected to gateway AGW0035,0,100,0
36F7E8A12BF7,MA1-01254,55a0919b-3a7c-ef11-ac20-0022483c4e5c,30,15000,1000,0,3600,2,2,HP21 - Fan Motor,960,1.0.1,351249951941168,85,1,1,1,0,1,1,1,1,2025-02-11 19:31:06.000,49.2817408798,-123.129706723,-40,2,0,5,0,1,25,1,2527DD52-F661-42B9-A391-F6042DDAB716,1200,0,0,0,3600,0,0,,0,0,0
3AE753C3FED2,MA1-00011,b1a7a54e-fd59-ec11-8f8e-000d3a09c7d0,35,15000,1000,0,0,2,2,Outdoor test,1120,1.0.4,351249951927779,85,1,1,0,1,1,1,0,0,2025-02-11 02:00:01.000,48.3,-123.5,-40,2,0,5,0,1,,1,b5f34ea9-da8a-ed11-81ad-002248d51dac,2700,1,0,0,0,0,0,,0,100,0
3ED4D20CEBF9,BTAT0055,b1a7a54e-fd59-ec11-8f8e-000d3a09c7d0,45,15000,1000,0,780,3,2,BTAT0055,1440,1.0.5,351249951983574,85,0,0,0,1,1,1,0,1,2024-11-15 23:45:09.000,48.3,-123.5,-40,2,0,5,0,1,,1,b5f34ea9-da8a-ed11-81ad-002248d51dac,660,1,0,0,0,0,0,,0,100,0
415D9F1780DB,MA1-00022,b1a7a54e-fd59-ec11-8f8e-000d3a09c7d0,30,15000,1000,0,1800,2,2,Freezer test,960,1.0.4,351249951927779,85,0,1,0,1,1,1,0,0,2025-02-11 02:06:18.000,48.3,-123.5,-20,2,0,5,0,1,,1,b5f34ea9-da8a-ed11-81ad-002248d51dac,900,0,0,0,3600,0,0,.,0,100,0
4192EFB694D7,MA1-01256,55a0919b-3a7c-ef11-ac20-0022483c4e5c,127,120000,1000,0,3600,3,2,HP3- Compressor,4064,1.0.1,351249951928009,85,1,1,1,0,1,1,1,1,2025-02-11 19:43:33.000,49.2819025758,-123.129481207,-40,2,0,5,0,1,15,1,2527DD52-F661-42B9-A391-F6042DDAB716,1200,0,0,0,3600,0,0,,0,0,0
4347730C4AEA,MA1-01311,85a8fb3b-d064-eb11-a812-000d3a09c0c9,10,4000,1000,0,1800,2,2,Platform 1 ,320,1.0.8,351249951903077,85,1,1,1,1,1,1,1,1,2025-02-11 19:41:24.000,41.1173235606,-100.720340327,-20,2,1,5,0,1,14,1,6c19ff5a-27ce-4335-b545-96086e08f42d,900,1,0,0,3600,0,0,Lachlan's Desk,0,0,0
4515AFBFDDE4,MA1-00404,85a8fb3b-d064-eb11-a812-000d3a09c0c9,20,20000,2000,0,600,2,2,MA1-00404_FW v1.0.8,640,1.0.801,351249952210274,85,1,1,1,0,1,1,1,1,2025-02-11 19:38:50.000,49.2849298,-123.1239968,-40,2,0,5,0,1,16,1,b7606a7c-a3bb-4f25-af37-6ce00d49cbd0,0,1,0,1,3600,1,10000,,0,0,0
48F2325228C0,MA1-01262,85a8fb3b-d064-eb11-a812-000d3a09c0c9,15,4000,1000,0,3600,2,2,Nathans Sensor 1,480,1.0.1,351249952210456,50,0,1,0,0,1,1,0,1,2025-02-11 19:30:19.000,54.0980821699,-116.617527302,-60,2,1,5,0,1,23,1,7ee16989-d9bf-40df-9d9e-696209cf11a9,900,1,0,0,3600,0,0,,0,0,0
4B861F9FB2F1,BTAT0057,85a8fb3b-d064-eb11-a812-000d3a09c0c9,25,2000,500,0,600,3,2,BTAT0057_FW v1.0.8,800,1.0.8,351249952210274,85,1,1,1,0,1,1,0,1,2025-02-11 19:43:08.000,49.2867134,-123.1257675,-40,2,0,5,0,1,14,1,b7606a7c-a3bb-4f25-af37-6ce00d49cbd0,300,1,0,1,3600,1,10000,,0,0,0
4C4A0C0405C7,MA1-01283,85a8fb3b-d064-eb11-a812-000d3a09c0c9,10,4000,1000,0,1800,2,2,Gate Valve 17,320,1.0.8,351249951903077,30,1,1,1,1,1,1,1,1,2025-02-11 19:37:01.000,41.1166122662,-100.72009153,-20,2,1,5,0,1,14,1,6c19ff5a-27ce-4335-b545-96086e08f42d,1200,1,0,0,3600,0,0,,0,0,0
4F78D4501CE6,MA1-00024,85a8fb3b-d064-eb11-a812-000d3a09c0c9,20,2000,500,0,600,2,2,MA1-00024_FW v1.0.1,640,1.0.1,351249952210274,85,1,1,1,0,1,1,1,1,2025-02-11 19:42:59.000,49.2864027,-123.1237927,-40,2,0,5,0,1,15,1,b7606a7c-a3bb-4f25-af37-6ce00d49cbd0,0,1,0,1,3600,1,10000,,0,0,0
5423E8B53DF8,MA1-01322,85a8fb3b-d064-eb11-a812-000d3a09c0c9,30,15000,1000,0,0,2,2,Karens Sensor 2,960,1.0.4,351249951978541,85,1,0,0,1,1,1,0,0,2025-01-24 03:36:08.000,49.2784023964,-122.885589982,-40,2,0,5,0,1,25,1,305c1fdc-f04f-4d58-93aa-cc5eea9e4f9f,900,0,0,0,0,0,0,,0,0,0
546306B213D9,MA1-00328,85a8fb3b-d064-eb11-a812-000d3a09c0c9,30,15000,1000,0,1800,2,2,Mazak Nexus 450-II Slew Bearing Outer MA1-00328,960,1.0.8,351249951902152,40,1,1,1,0,1,1,0,1,2025-02-11 19:41:39.000,53.481395069,-113.484108569,-20,2,0,5,0,1,25,1,cd2ff6b5-f5c9-473a-9ce1-7dfe68538fc3,900,0,0,1,3600,1,2000,CNC Machine-Vibration-Velcro pad,0,0,0
560A229C88FB,BTAT0075,b1a7a54e-fd59-ec11-8f8e-000d3a09c7d0,20,4000,1000,1,60,2,2,BTAT0075,640,1.0.5,351249951964467,85,0,0,0,1,0,1,0,1,2024-11-14 16:21:28.000,49.6232863286,-123.204386267,-40,2,0,5,0,1,14,1,89805107-7331-ee11-bdf4-000d3af4fe83,900,1,0,0,0,0,0,,0,100,0
565F129C09F7,MA1-00352,85a8fb3b-d064-eb11-a812-000d3a09c0c9,25,5000,1000,0,600,2,2,MA1-00352_FW v1.0.1,800,1.0.1,351249952210274,85,1,1,1,0,1,1,1,1,2025-02-11 19:44:24.000,49.285836,-123.123214,-40,2,0,5,0,1,25,1,b7606a7c-a3bb-4f25-af37-6ce00d49cbd0,0,1,0,1,3600,1,10000,,0,0,0
5E1CA0B943FB,MA1-00009,85a8fb3b-d064-eb11-a812-000d3a09c0c9,25,20000,2000,0,600,2,2,MA1-00009_FW v1.0.8,800,1.0.801,351249952210274,50,1,1,1,0,1,1,1,1,2025-02-11 19:42:08.000,49.2852426,-123.1254247,-2,2,0,5,0,1,14,1,b7606a7c-a3bb-4f25-af37-6ce00d49cbd0,300,1,0,1,3600,1,10000,,0,0,0
5E2C97CA3CDE,MA1-00019,85a8fb3b-d064-eb11-a812-000d3a09c0c9,30,15000,1000,0,1800,2,2,MA1-00019,960,1.0.1,,85,0,0,0,1,0,1,0,0,2024-08-30 16:19:17.000,,,-40,2,1,5,0,1,14,1,7ee16989-d9bf-40df-9d9e-696209cf11a9,900,0,0,0,0,0,0,,0,0,0
5F86DD4209F4,BTAT0059,85a8fb3b-d064-eb11-a812-000d3a09c0c9,20,4000,1000,0,0,3,2,BTAT0059_FW v1.0.8,640,1.0.8,351249952210274,85,1,1,1,0,1,1,1,1,2025-02-11 19:44:11.000,49.2859205,-123.1247121,-40,2,0,5,0,1,23,1,b7606a7c-a3bb-4f25-af37-6ce00d49cbd0,120,1,0,1,3600,1,10000,test production,0,0,0
69DA280888E8,BTAT0054,b1a7a54e-fd59-ec11-8f8e-000d3a09c7d0,15,4000,1000,0,0,2,2,BTAT0054,480,1.0.6,351249951983574,85,1,0,0,0,1,1,0,0,2025-01-30 02:26:33.000,48.36,-123.5,-20,2,0,5,0,1,,1,b5f34ea9-da8a-ed11-81ad-002248d51dac,120,1,0,1,3600,0,0,,0,100,0
6B1819D818F1,BTAT0037,85a8fb3b-d064-eb11-a812-000d3a09c0c9,30,1000,250,0,780,2,2,BTAT0037_FW v1.0.8,960,1.0.8,351249952210274,85,1,1,1,0,1,1,1,1,2025-02-11 19:44:25.000,49.2857134,-123.1257675,-40,2,0,5,0,1,14,1,b7606a7c-a3bb-4f25-af37-6ce00d49cbd0,300,1,0,1,3600,1,10000,Prod Sensor ,0,0,0
6FEC03FD94DC,BTAT0046,b1a7a54e-fd59-ec11-8f8e-000d3a09c7d0,30,2000,500,0,600,2,2,BTAT0046,960,1.0.8,351249952210118,40,1,1,1,1,1,1,1,1,2025-02-11 19:30:36.000,49.2870421,-123.121250489,0,2,1,5,0,1,32,1,f377233f-3176-43d7-81d9-31879071746d,600,1,0,0,3600,0,0,,0,100,0
7B1D1E4D42F5,BTAT0052,b1a7a54e-fd59-ec11-8f8e-000d3a09c7d0,55,4000,1000,0,120,3,2,Battery Test,1760,1.0.6,351249951983574,127,1,0,0,1,1,1,0,0,2025-01-16 17:50:10.000,48.3,-123.5,-127,2,0,5,0,1,,1,b5f34ea9-da8a-ed11-81ad-002248d51dac,300,0,0,0,0,0,0,,0,100,0
7D7E9E392CCD,MA1-00344,85a8fb3b-d064-eb11-a812-000d3a09c0c9,35,15000,1000,0,1800,2,2,Mazak Nexus 450-II M Oil Motor Spindle Line MA1-00344,1120,1.0.8,351249951902152,30,1,1,1,0,1,1,0,1,2025-02-11 19:30:13.000,53.481395069,-113.484108569,-20,2,0,5,0,1,25,1,cd2ff6b5-f5c9-473a-9ce1-7dfe68538fc3,900,1,0,1,3600,1,7000,CNC Machine-Vibration & Temp-Cable Tie,0,0,0
83CD307A61F3,MA1-01276,55a0919b-3a7c-ef11-ac20-0022483c4e5c,30,15000,1000,0,3600,2,2,HP3- Fan Motor,960,1.0.1,351249951928009,85,1,1,1,0,1,1,1,1,2025-02-11 19:37:41.000,49.2818922556,-123.129515341,-40,2,0,5,0,1,25,1,2527DD52-F661-42B9-A391-F6042DDAB716,1200,0,0,0,3600,0,0,,0,0,0
894013801ECB,BTAT0008,b1a7a54e-fd59-ec11-8f8e-000d3a09c7d0,15,4000,1000,0,0,2,2,Reset  test,480,1.0.6,351249951983574,85,1,0,0,0,1,1,0,0,2025-01-30 20:48:37.000,48.3,-123.5,-40,2,0,5,0,1,,1,b5f34ea9-da8a-ed11-81ad-002248d51dac,120,1,0,1,3600,0,0,,0,100,0
8A7A93A79DFE,MA1-00014,b1a7a54e-fd59-ec11-8f8e-000d3a09c7d0,20,4000,1000,0,60,2,2,MA1-00014,640,1.0.5,351249951964467,85,1,0,0,1,0,0,0,1,2024-10-31 21:52:43.000,49.2766323598,-123.112678565,-40,2,0,5,0,1,14,1,89805107-7331-ee11-bdf4-000d3af4fe83,900,1,0,0,0,0,0,,0,100,0
8A93A94744E6,MA1-01309,55a0919b-3a7c-ef11-ac20-0022483c4e5c,30,15000,1000,0,3600,2,2,HP02 - Fan Motor,960,1.0.1,351249951928009,85,1,1,1,0,1,1,1,1,2025-02-11 19:39:37.000,49.2818101966,-123.129590985,-40,2,0,5,0,1,25,1,2527DD52-F661-42B9-A391-F6042DDAB716,1200,0,0,0,3600,0,0,,0,0,0
908CDC334EC5,MA1-01297,85a8fb3b-d064-eb11-a812-000d3a09c0c9,20,4000,1000,0,1800,2,2,Karens Sensor 1,640,1.0.8,351249951978541,85,1,1,1,1,1,1,1,1,2025-02-11 19:35:26.000,49.2781364214,-122.886104966,-40,2,0,5,0,1,25,1,305c1fdc-f04f-4d58-93aa-cc5eea9e4f9f,900,1,0,0,0,0,0,,0,0,0
930347D229CD,MA1-00371,85a8fb3b-d064-eb11-a812-000d3a09c0c9,127,15000,1000,0,1800,2,2,Mazak Nexus 450-II M Inner Bearing MA1-00371,4064,1.0.8,351249951902152,30,1,1,1,0,1,1,1,1,2025-02-11 19:43:27.000,53.481395069,-113.484108569,0,2,0,5,0,1,25,1,cd2ff6b5-f5c9-473a-9ce1-7dfe68538fc3,900,1,0,1,3600,1,10000,CNC Machine - Vibration - Side Mount & JB Weld,0,0,0
9763B60F71D0,LA1-00006,b1a7a54e-fd59-ec11-8f8e-000d3a09c7d0,15,15000,1000,0,120,3,2,LA1-00006,480,0.0.4,351249951964467,85,1,1,0,1,1,1,0,1,2025-02-11 02:10:27.000,49.2858871498,-123.12234909,-40,2,0,5,0,1,,2,89805107-7331-ee11-bdf4-000d3af4fe83,0,1,0,0,3600,0,0,,0,100,0
99D8BDF3BFE3,BTAT0050,b1a7a54e-fd59-ec11-8f8e-000d3a09c7d0,30,15000,1000,0,1800,3,2,BTAT0050,960,1.0.5,351249951964467,85,1,0,0,1,1,1,0,1,2024-10-24 18:11:03.000,49.6232863286,-123,-40,2,0,5,0,1,16,1,89805107-7331-ee11-bdf4-000d3af4fe83,900,0,0,0,3840,0,0,,0,100,0
9C0ADA43A2C2,MA1-01325,85a8fb3b-d064-eb11-a812-000d3a09c0c9,30,4000,1000,0,0,2,2,Nathans Sensor 2,480,1.0.1,351249952210456,70,1,1,1,1,1,1,1,1,2025-02-11 19:43:45.000,54.0971636177,-116.617527302,-20,2,1,5,0,1,25,1,7ee16989-d9bf-40df-9d9e-696209cf11a9,960,1,0,0,3600,0,0,,0,0,0
9D5FF89548DE,BTAT0007,b1a7a54e-fd59-ec11-8f8e-000d3a09c7d0,15,4000,1000,0,0,2,2,Reset  test,480,1.0.8,351249951983574,85,1,0,0,0,1,1,0,0,2025-01-30 20:22:37.000,48.3,-123.5,-40,2,0,5,0,1,,1,b5f34ea9-da8a-ed11-81ad-002248d51dac,0,1,0,1,3600,0,0,,0,100,0
9E08F91920F2,MA1-00017,b1a7a54e-fd59-ec11-8f8e-000d3a09c7d0,20,4000,1000,0,60,3,2,MA1-00017,640,1.0.801,351249951964467,85,1,0,0,0,1,0,0,1,2025-02-11 00:02:38.000,,,-40,2,0,5,0,1,26,1,89805107-7331-ee11-bdf4-000d3af4fe83,0,1,0,1,3600,0,0,,0,100,0
A1B2C3085208,MA1-999910,85a8fb3b-d064-eb11-a812-000d3a09c0c9,30,15000,1000,0,600,3,2,MA1-999910,960,FAUX,123456789085006,85,1,1,0,1,1,1,1,0,2024-08-26 08:52:08.981,54.0987913015901,-116.619384393959,-40,2,1,5,1,1,14,1,7ee16989-d9bf-40df-9d9e-696209cf11a9,600,1,0,0,0,0,0,,0,0,0
A1B2C3085209,MA1-999911,85a8fb3b-d064-eb11-a812-000d3a09c0c9,30,15000,1000,0,600,3,2,MA1-999911,960,FAUX,123456789085006,85,1,1,0,1,1,1,1,0,2024-08-26 08:52:09.980,54.0986989929545,-116.619382497351,-40,2,1,5,1,1,14,1,7ee16989-d9bf-40df-9d9e-696209cf11a9,600,1,0,0,0,0,0,,0,0,0
A1B2C3085211,MA1-999912,85a8fb3b-d064-eb11-a812-000d3a09c0c9,30,15000,1000,0,600,3,2,MA1-999912,960,FAUX,123456789085006,85,1,1,0,1,1,1,1,0,2024-08-26 08:52:11.375,54.0986166935158,-116.619382497351,-40,2,1,5,1,1,14,1,7ee16989-d9bf-40df-9d9e-696209cf11a9,600,1,0,0,0,0,0,,0,0,0
A1B2C3085212,MA1-999913,85a8fb3b-d064-eb11-a812-000d3a09c0c9,30,15000,1000,0,600,3,2,MA1-999913,960,FAUX,123456789085006,85,1,1,0,1,1,1,1,0,2024-08-26 08:52:12.328,54.0985199358588,-116.619399566825,-40,2,1,5,1,1,14,1,7ee16989-d9bf-40df-9d9e-696209cf11a9,600,1,0,0,0,0,0,,0,0,0
A1B2C3085213,MA1-999914,85a8fb3b-d064-eb11-a812-000d3a09c0c9,30,15000,1000,0,600,3,2,MA1-999914,960,FAUX,123456789085006,85,1,1,0,1,1,1,1,0,2024-08-26 08:52:13.451,54.0984309631014,-116.619391980392,-40,2,1,5,1,1,14,1,7ee16989-d9bf-40df-9d9e-696209cf11a9,600,1,0,0,0,0,0,,0,0,0
A1B2C3085214,MA1-999915,85a8fb3b-d064-eb11-a812-000d3a09c0c9,30,15000,1000,0,600,3,2,MA1-999915,960,FAUX,123456789085006,85,1,1,0,1,1,1,1,0,2024-08-26 08:52:14.624,54.0973349685615,-116.615191408643,-40,2,1,5,1,1,14,1,7ee16989-d9bf-40df-9d9e-696209cf11a9,600,1,0,0,0,0,0,,0,0,0
A1B2C3085217,MA1-999916,85a8fb3b-d064-eb11-a812-000d3a09c0c9,30,15000,1000,0,600,3,2,MA1-999916,960,FAUX,123456789085006,85,1,1,0,1,1,1,1,0,2024-08-26 08:52:17.024,54.0973237457205,-116.61503351839,-40,2,1,5,1,1,14,1,7ee16989-d9bf-40df-9d9e-696209cf11a9,600,1,0,0,0,0,0,,0,0,0
A1B2C3085218,MA1-999917,85a8fb3b-d064-eb11-a812-000d3a09c0c9,30,15000,1000,0,600,3,2,MA1-999917,960,FAUX,123456789085006,85,1,1,0,1,1,1,1,0,2024-08-26 08:52:18.147,54.0973321628516,-116.614864464179,-40,2,1,5,1,1,14,1,7ee16989-d9bf-40df-9d9e-696209cf11a9,600,1,0,0,0,0,0,,0,0,0
A1B2C3085219,MA1-999918,85a8fb3b-d064-eb11-a812-000d3a09c0c9,30,15000,1000,0,600,3,2,MA1-999918,960,FAUX,123456789085006,85,1,1,0,1,1,1,1,0,2024-08-26 08:52:19.077,54.1010132632169,-116.613479970253,-40,2,1,5,1,1,14,1,7ee16989-d9bf-40df-9d9e-696209cf11a9,600,1,0,0,0,0,0,,0,0,0
A1B2C3132125,MA1-JamesTest1,b1a7a54e-fd59-ec11-8f8e-000d3a09c7d0,30,15000,1000,0,600,3,2,MA1-JamesTest1,960,FAUX,123456789132031,85,1,0,1,1,0,1,1,0,2024-11-19 13:21:25.192,49.2839012256,-123.127725124,-40,2,1,5,1,1,16,1,b22ec7e5-036b-4303-b2e0-fc7fef238668,900,1,0,0,0,0,0,,0,100,0
A1B2C3144846,,,30,15000,1000,0,600,3,2,,960,FAUX,,85,1,1,0,1,1,1,1,0,2024-12-03 14:48:46.951,,,-40,2,1,5,1,1,14,1,,600,1,0,0,0,0,0,,0,0,0
A1B2C3163112,MA1-99911,85a8fb3b-d064-eb11-a812-000d3a09c0c9,30,15000,1000,0,600,3,2,MA1-99911,960,FAUX,123456789162843,85,1,1,0,1,1,1,1,0,2024-08-20 16:31:12.696,49.6226650733458,-123.20457152092,-40,2,0,5,1,1,14,1,3301e82c-eae7-470f-9644-d2097bc45ba5,600,1,0,0,0,0,0,,0,0,0
A1B2C3163114,MA1-99912,85a8fb3b-d064-eb11-a812-000d3a09c0c9,30,15000,1000,0,600,3,2,MA1-99912,960,FAUX,123456789162843,85,1,1,0,1,1,1,1,0,2024-08-20 16:31:14.302,49.6228564808528,-123.204278311123,-40,2,0,5,1,1,14,1,3301e82c-eae7-470f-9644-d2097bc45ba5,600,1,0,0,0,0,0,,0,0,0
A1B2C3163115,MA1-99913,85a8fb3b-d064-eb11-a812-000d3a09c0c9,30,15000,1000,0,600,3,2,MA1-99913,960,FAUX,123456789162843,85,1,1,0,1,1,1,1,0,2024-08-20 16:31:15.884,49.62255110516,-123.204397850502,-40,2,0,5,1,1,14,1,3301e82c-eae7-470f-9644-d2097bc45ba5,600,1,0,0,0,0,0,,0,0,0
A1B2C3163117,MA1-99914,85a8fb3b-d064-eb11-a812-000d3a09c0c9,30,15000,1000,0,600,3,2,MA1-99914,960,FAUX,123456789162843,85,1,1,0,1,1,1,1,0,2024-08-20 16:31:17.137,49.6227249795929,-123.204048254205,-40,2,0,5,1,1,14,1,3301e82c-eae7-470f-9644-d2097bc45ba5,600,1,0,0,0,0,0,,0,0,0
A1B2C3163118,MA1-99915,85a8fb3b-d064-eb11-a812-000d3a09c0c9,30,15000,1000,0,600,3,2,MA1-99915,960,FAUX,123456789162843,85,1,1,0,1,1,1,1,0,2024-08-20 16:31:18.290,49.6224225253483,-123.204203880944,-40,2,0,5,1,1,14,1,3301e82c-eae7-470f-9644-d2097bc45ba5,600,1,0,0,0,0,0,,0,0,0
A1B2C3163119,MA1-99916,85a8fb3b-d064-eb11-a812-000d3a09c0c9,30,15000,1000,0,600,3,2,MA1-99916,960,FAUX,123456789162843,85,1,1,0,1,1,1,1,0,2024-08-20 16:31:19.589,49.6226563065717,-123.203958035806,-40,2,0,5,1,1,14,1,3301e82c-eae7-470f-9644-d2097bc45ba5,600,1,0,0,0,0,0,,0,0,0
A1B2C3163120,MA1-99917,85a8fb3b-d064-eb11-a812-000d3a09c0c9,30,15000,1000,0,600,3,2,MA1-99917,960,FAUX,123456789162843,85,1,1,0,1,1,1,1,0,2024-08-20 16:31:20.856,49.6223421627937,-123.204050509665,-40,2,0,5,1,1,14,1,3301e82c-eae7-470f-9644-d2097bc45ba5,600,1,0,0,0,0,0,,0,0,0
A1B2C3163121,MA1-99918,85a8fb3b-d064-eb11-a812-000d3a09c0c9,30,15000,1000,0,600,3,2,MA1-99918,960,FAUX,123456789162843,85,1,1,0,1,1,1,1,0,2024-08-20 16:31:21.928,49.6225131157055,-123.203737000729,-40,2,0,5,1,1,14,1,3301e82c-eae7-470f-9644-d2097bc45ba5,600,1,0,0,0,0,0,,0,0,0
A1B2C3163122,MA1-99919,85a8fb3b-d064-eb11-a812-000d3a09c0c9,30,15000,1000,0,600,3,2,MA1-99919,960,FAUX,123456789162843,85,1,1,0,1,1,1,1,0,2024-08-20 16:31:22.979,49.6222281938526,-123.203894882927,-40,2,0,5,1,1,14,1,3301e82c-eae7-470f-9644-d2097bc45ba5,600,1,0,0,0,0,0,,0,0,0
A1B2C3163124,MA1-99920,85a8fb3b-d064-eb11-a812-000d3a09c0c9,30,15000,1000,0,600,3,2,MA1-99920,960,FAUX,123456789162843,85,1,1,0,1,1,1,1,0,2024-08-20 16:31:24.202,49.6224853541623,-123.20358137399,-40,2,0,5,1,1,14,1,3301e82c-eae7-470f-9644-d2097bc45ba5,600,1,0,0,0,0,0,,0,0,0
A1B2C3163612,MA1-99921,85a8fb3b-d064-eb11-a812-000d3a09c0c9,30,15000,1000,0,600,3,2,MA1-99921,960,FAUX,123456789162843,85,1,1,0,1,1,1,1,0,2024-08-20 16:36:12.543,49.6229163868646,-123.203696402449,-40,2,0,5,1,1,14,1,3301e82c-eae7-470f-9644-d2097bc45ba5,600,1,0,0,0,0,0,,0,0,0
A1B2C3163613,MA1-99922,85a8fb3b-d064-eb11-a812-000d3a09c0c9,30,15000,1000,0,600,3,2,MA1-99922,960,FAUX,123456789162843,85,1,1,0,1,1,1,1,0,2024-08-20 16:36:13.129,49.6229120035004,-123.203685125149,-40,2,0,5,1,1,14,1,3301e82c-eae7-470f-9644-d2097bc45ba5,600,1,0,0,0,0,0,,0,0,0
A1B2C3163615,MA1-99924,85a8fb3b-d064-eb11-a812-000d3a09c0c9,30,15000,1000,0,600,3,2,MA1-99924,960,FAUX,123456789162843,85,1,1,0,1,1,1,1,0,2024-08-20 16:36:15.102,49.6227702745114,-123.203470856451,-40,2,0,5,1,1,14,1,3301e82c-eae7-470f-9644-d2097bc45ba5,600,1,0,0,0,0,0,,0,0,0
A1B2C3163617,MA1-99926,85a8fb3b-d064-eb11-a812-000d3a09c0c9,30,15000,1000,0,600,3,2,MA1-99926,960,FAUX,123456789162843,85,1,1,0,1,1,1,1,0,2024-08-20 16:36:17.729,49.6226918116886,-123.203015731419,-40,2,0,5,1,1,14,1,3301e82c-eae7-470f-9644-d2097bc45ba5,600,1,0,0,0,0,0,,0,0,0
A1B2C3163619,MA1-99927,85a8fb3b-d064-eb11-a812-000d3a09c0c9,30,15000,1000,0,600,3,2,MA1-99927,960,FAUX,123456789162843,85,1,1,0,1,1,1,1,0,2024-08-20 16:36:19.084,49.6232292530766,-123.203230440176,-40,2,0,5,1,1,14,1,3301e82c-eae7-470f-9644-d2097bc45ba5,600,1,0,0,0,0,0,,0,0,0
A1B2C3163620,MA1-99928,85a8fb3b-d064-eb11-a812-000d3a09c0c9,30,15000,1000,0,600,3,2,MA1-99928,960,FAUX,123456789162843,85,1,1,0,1,1,1,1,0,2024-08-20 16:36:20.630,49.6233526200168,-123.202954172644,-40,2,0,5,1,1,14,1,3301e82c-eae7-470f-9644-d2097bc45ba5,600,1,0,0,0,0,0,,0,0,0
A1B2C3163621,MA1-99929,85a8fb3b-d064-eb11-a812-000d3a09c0c9,30,15000,1000,0,600,3,2,MA1-99929,960,FAUX,123456789162843,85,1,1,0,1,1,1,1,0,2024-08-20 16:36:21.820,49.6232970180543,-123.203099011933,-40,2,0,5,1,1,14,1,3301e82c-eae7-470f-9644-d2097bc45ba5,600,1,0,0,0,0,0,,0,0,0
A1B2C3163623,MA1-99930,85a8fb3b-d064-eb11-a812-000d3a09c0c9,30,15000,1000,0,600,3,2,MA1-99930,960,FAUX,123456789162843,85,1,1,0,1,1,1,1,0,2024-08-20 16:36:23.500,49.6220938410785,-123.203778105407,-40,2,0,5,1,1,14,1,3301e82c-eae7-470f-9644-d2097bc45ba5,600,1,0,0,0,0,0,,0,0,0
A1B2C3163803,MA1-99931,85a8fb3b-d064-eb11-a812-000d3a09c0c9,30,15000,1000,0,600,3,2,MA1-99931,960,FAUX,123456789162843,85,1,1,0,1,1,1,1,0,2024-08-20 16:38:03.876,49.6235560463802,-123.200759892006,-40,2,0,5,1,1,14,1,3301e82c-eae7-470f-9644-d2097bc45ba5,600,1,0,0,0,0,0,,0,0,0
A1B2C3163804,MA1-99932,85a8fb3b-d064-eb11-a812-000d3a09c0c9,30,15000,1000,0,600,3,2,MA1-99932,960,FAUX,123456789162843,85,1,1,0,1,1,1,1,0,2024-08-20 16:38:04.736,49.6235230328605,-123.200644557017,-40,2,0,5,1,1,14,1,3301e82c-eae7-470f-9644-d2097bc45ba5,600,1,0,0,0,0,0,,0,0,0
A1B2C3163805,MA1-99933,85a8fb3b-d064-eb11-a812-000d3a09c0c9,30,15000,1000,0,600,3,2,MA1-99933,960,FAUX,123456789162843,85,1,1,0,1,1,1,1,0,2024-08-20 16:38:05.915,49.6233961912343,-123.200742457647,-40,2,0,5,1,1,14,1,3301e82c-eae7-470f-9644-d2097bc45ba5,600,1,0,0,0,0,0,,0,0,0
A1B2C3163806,MA1-99934,85a8fb3b-d064-eb11-a812-000d3a09c0c9,30,15000,1000,0,600,3,2,MA1-99934,960,FAUX,123456789162843,85,1,1,0,1,1,1,1,0,2024-08-20 16:38:06.808,49.6232606614607,-123.200845722696,-40,2,0,5,1,1,14,1,3301e82c-eae7-470f-9644-d2097bc45ba5,600,1,0,0,0,0,0,,0,0,0
A1B2C3163807,MA1-99935,85a8fb3b-d064-eb11-a812-000d3a09c0c9,30,15000,1000,0,600,3,2,MA1-99935,960,FAUX,123456789162843,85,1,1,0,1,1,1,1,0,2024-08-20 16:38:07.775,49.6234674310924,-123.20046753122,-40,2,0,5,1,1,14,1,3301e82c-eae7-470f-9644-d2097bc45ba5,600,1,0,0,0,0,0,,0,0,0
A1B2C3163808,MA1-99936,85a8fb3b-d064-eb11-a812-000d3a09c0c9,30,15000,1000,0,600,3,2,MA1-99936,960,FAUX,123456789162843,85,1,1,0,1,1,1,1,0,2024-08-20 16:38:08.742,49.6236012227394,-123.200546656387,-40,2,0,5,1,1,14,1,3301e82c-eae7-470f-9644-d2097bc45ba5,600,1,0,0,0,0,0,,0,0,0
A1B2C3163809,MA1-99937,85a8fb3b-d064-eb11-a812-000d3a09c0c9,30,15000,1000,0,600,3,2,MA1-99937,960,FAUX,123456789162843,85,1,1,0,1,1,1,1,0,2024-08-20 16:38:09.306,49.6237367515658,-123.200317327513,-40,2,0,5,1,1,14,1,3301e82c-eae7-470f-9644-d2097bc45ba5,600,1,0,0,0,0,0,,0,0,0
A1B2C3163810,MA1-99938,85a8fb3b-d064-eb11-a812-000d3a09c0c9,30,15000,1000,0,600,3,2,MA1-99938,960,FAUX,123456789162843,85,1,1,0,1,1,1,1,0,2024-08-20 16:38:10.321,49.6234335487339,-123.201370094565,-40,2,0,5,1,1,14,1,3301e82c-eae7-470f-9644-d2097bc45ba5,600,1,0,0,0,0,0,,0,0,0
A1B2C3163811,MA1-99939,85a8fb3b-d064-eb11-a812-000d3a09c0c9,30,15000,1000,0,600,3,2,MA1-99939,960,FAUX,123456789162843,85,1,1,0,1,1,1,1,0,2024-08-20 16:38:11.156,49.6235447522839,-123.201359365729,-40,2,0,5,1,1,14,1,3301e82c-eae7-470f-9644-d2097bc45ba5,600,1,0,0,0,0,0,,0,0,0
A1B2C3163812,MA1-99940,85a8fb3b-d064-eb11-a812-000d3a09c0c9,30,15000,1000,0,600,3,2,MA1-99940,960,FAUX,123456789162843,85,1,1,0,1,1,1,1,0,2024-08-20 16:38:12.141,49.6233729616668,-123.204383239302,-40,2,0,5,1,1,14,1,3301e82c-eae7-470f-9644-d2097bc45ba5,600,1,0,0,0,0,0,,0,0,0
A1B2C3163945,MA1-99950,85a8fb3b-d064-eb11-a812-000d3a09c0c9,30,15000,1000,0,600,3,2,MA1-99950,960,FAUX,123456789162843,85,1,1,0,1,1,1,1,0,2024-08-20 16:39:45.397,49.6216099844743,-123.203146088037,-40,2,0,5,1,1,14,1,3301e82c-eae7-470f-9644-d2097bc45ba5,600,1,0,0,0,0,0,,0,0,0
A1B2C3163946,MA1-99952,85a8fb3b-d064-eb11-a812-000d3a09c0c9,30,15000,1000,0,600,3,2,MA1-99952,960,FAUX,123456789162843,85,1,1,0,1,1,1,1,0,2024-08-20 16:39:46.449,49.6222301874088,-123.200489481236,-40,2,0,5,1,1,14,1,3301e82c-eae7-470f-9644-d2097bc45ba5,600,1,0,0,0,0,0,,0,0,0
A1B2C3163947,MA1-99954,85a8fb3b-d064-eb11-a812-000d3a09c0c9,30,15000,1000,0,600,3,2,MA1-99954,960,FAUX,123456789162843,85,1,1,0,1,1,1,1,0,2024-08-20 16:39:47.376,49.622346937,-123.199835592,-40,2,0,5,1,1,14,1,3301e82c-eae7-470f-9644-d2097bc45ba5,600,1,0,0,0,0,0,,0,0,0
A1B2C3163948,MA1-99956,85a8fb3b-d064-eb11-a812-000d3a09c0c9,30,15000,1000,0,600,3,2,MA1-99956,960,FAUX,123456789162843,85,1,1,0,1,1,1,1,0,2024-08-20 16:39:48.702,49.6225344552432,-123.202797668837,-40,2,0,5,1,1,14,1,3301e82c-eae7-470f-9644-d2097bc45ba5,600,1,0,0,0,0,0,,0,0,0
A1B2C3163949,MA1-99957,85a8fb3b-d064-eb11-a812-000d3a09c0c9,30,15000,1000,0,600,3,2,MA1-99957,960,FAUX,123456789162843,85,1,1,0,1,1,1,1,0,2024-08-20 16:39:49.200,49.6231118522317,-123.204677555249,-40,2,0,5,1,1,14,1,3301e82c-eae7-470f-9644-d2097bc45ba5,600,1,0,0,0,0,0,,0,0,0
A1B2C3163950,MA1-99959,85a8fb3b-d064-eb11-a812-000d3a09c0c9,30,15000,1000,0,600,3,2,MA1-99959,960,FAUX,123456789162843,85,1,1,0,1,1,1,1,0,2024-08-20 16:39:50.511,49.6236715003972,-123.205126549607,-40,2,0,5,1,1,14,1,3301e82c-eae7-470f-9644-d2097bc45ba5,600,1,0,0,0,0,0,,0,0,0
A1B2C3181748,MA1-65291,85a8fb3b-d064-eb11-a812-000d3a09c0c9,30,15000,1000,0,600,3,2,MA1-65291,960,FAUX,123456789170838,85,1,1,0,1,1,1,1,0,2024-08-19 18:17:48.898,27.5378475545786,-106.333373209437,-40,2,0,5,1,1,14,1,833e3d25-338e-402d-bcd8-6222f907e537,600,1,0,0,0,0,0,,0,0,0
A1B2C3181749,MA1-65292,85a8fb3b-d064-eb11-a812-000d3a09c0c9,30,15000,1000,0,600,3,2,MA1-65292,960,FAUX,123456789170838,85,1,1,0,1,1,1,1,0,2024-08-19 18:17:49.805,27.5378300969221,-106.333540302126,-40,2,0,5,1,1,14,1,833e3d25-338e-402d-bcd8-6222f907e537,600,1,0,0,0,0,0,,0,0,0
A1B2C3181751,MA1-65293,85a8fb3b-d064-eb11-a812-000d3a09c0c9,30,15000,1000,0,600,3,2,MA1-65293,960,FAUX,123456789170838,85,1,1,0,1,1,1,1,0,2024-08-19 18:17:51.140,27.5375021584239,-106.333502369962,-40,2,0,5,1,1,14,1,833e3d25-338e-402d-bcd8-6222f907e537,600,1,0,0,0,0,0,,0,0,0
A1B2C3181752,MA1-65294,85a8fb3b-d064-eb11-a812-000d3a09c0c9,30,15000,1000,0,600,3,2,MA1-65294,960,FAUX,123456789170838,85,1,1,0,1,1,1,1,0,2024-08-19 18:17:52.180,27.537281850473,-106.333494783529,-40,2,0,5,1,1,14,1,833e3d25-338e-402d-bcd8-6222f907e537,600,1,0,0,0,0,0,,0,0,0
A1B2C3181753,MA1-65295,85a8fb3b-d064-eb11-a812-000d3a09c0c9,30,15000,1000,0,600,3,2,MA1-65295,960,FAUX,123456789170838,85,1,1,0,1,1,1,1,0,2024-08-19 18:17:53.253,27.5369536771317,-106.333431533462,-40,2,0,5,1,1,14,1,833e3d25-338e-402d-bcd8-6222f907e537,600,1,0,0,0,0,0,,0,0,0
A1B2C3181754,MA1-65296,85a8fb3b-d064-eb11-a812-000d3a09c0c9,30,15000,1000,0,600,3,2,MA1-65296,960,FAUX,123456789170838,85,1,1,0,1,1,1,1,0,2024-08-19 18:17:54.334,27.5375256599846,-106.332831581108,-40,2,0,5,1,1,14,1,833e3d25-338e-402d-bcd8-6222f907e537,600,1,0,0,0,0,0,,0,0,0
A1B2C3181756,MA1-65297,85a8fb3b-d064-eb11-a812-000d3a09c0c9,30,15000,1000,0,600,3,2,MA1-65297,960,FAUX,123456789170838,85,1,1,0,1,1,1,1,0,2024-08-19 18:17:56.005,27.5378736480958,-106.332452663832,-40,2,0,5,1,1,14,1,833e3d25-338e-402d-bcd8-6222f907e537,600,1,0,0,0,0,0,,0,0,0
A1B2C3181757,MA1-65298,85a8fb3b-d064-eb11-a812-000d3a09c0c9,30,15000,1000,0,600,3,2,MA1-65298,960,FAUX,123456789170838,85,1,1,0,1,1,1,1,0,2024-08-19 18:17:57.500,27.5382296347934,-106.332082768396,-40,2,0,5,1,1,14,1,833e3d25-338e-402d-bcd8-6222f907e537,600,1,0,0,0,0,0,,0,0,0
A1B2C3181759,MA1-65299,85a8fb3b-d064-eb11-a812-000d3a09c0c9,30,15000,1000,0,600,3,2,MA1-65299,960,FAUX,123456789170838,85,1,1,0,1,1,1,1,0,2024-08-19 18:17:59.194,27.5380296424,-106.333828494,-40,2,0,5,1,1,14,1,833e3d25-338e-402d-bcd8-6222f907e537,600,1,0,0,0,0,0,,0,0,0
A1B2C3182006,MA1-65212,85a8fb3b-d064-eb11-a812-000d3a09c0c9,30,15000,1000,0,600,3,2,MA1-65212,960,FAUX,123456789170838,85,1,1,0,1,1,1,1,0,2024-08-19 18:20:06.130,27.5388816074,-106.331437707,-40,2,0,5,1,1,14,1,833e3d25-338e-402d-bcd8-6222f907e537,600,1,0,0,0,0,0,,0,0,0
A1B2C3182007,MA1-65214,85a8fb3b-d064-eb11-a812-000d3a09c0c9,30,15000,1000,0,600,3,2,MA1-65214,960,FAUX,123456789170838,85,1,1,0,1,1,1,1,0,2024-08-19 18:20:07.664,27.5396895681779,-106.330594164833,-40,2,0,5,1,1,14,1,833e3d25-338e-402d-bcd8-6222f907e537,600,1,0,0,0,0,0,,0,0,0
A1B2C3182008,MA1-65215,85a8fb3b-d064-eb11-a812-000d3a09c0c9,30,15000,1000,0,600,3,2,MA1-65215,960,FAUX,123456789170838,85,1,1,0,1,1,1,1,0,2024-08-19 18:20:08.557,27.5397723396297,-106.330184216812,-40,2,0,5,1,1,14,1,833e3d25-338e-402d-bcd8-6222f907e537,600,1,0,0,0,0,0,,0,0,0
A1B2C3182009,MA1-65216,85a8fb3b-d064-eb11-a812-000d3a09c0c9,30,15000,1000,0,600,3,2,MA1-65216,960,FAUX,123456789170838,85,1,1,0,1,1,1,1,0,2024-08-19 18:20:09.977,27.5397372598744,-106.330003838254,-40,2,0,5,1,1,14,1,833e3d25-338e-402d-bcd8-6222f907e537,600,1,0,0,0,0,0,,0,0,0
A1B2C3182010,MA1-65217,85a8fb3b-d064-eb11-a812-000d3a09c0c9,30,15000,1000,0,600,3,2,MA1-65217,960,FAUX,123456789170838,85,1,1,0,1,1,1,1,0,2024-08-19 18:20:10.846,27.5378920417013,-106.334382086864,-40,2,0,5,1,1,14,1,833e3d25-338e-402d-bcd8-6222f907e537,600,1,0,0,0,0,0,,0,0,0
A1B2C3182012,MA1-65218,85a8fb3b-d064-eb11-a812-000d3a09c0c9,30,15000,1000,0,600,3,2,MA1-65218,960,FAUX,123456789170838,85,1,1,0,1,1,1,1,0,2024-08-19 18:20:12.119,27.5379493055601,-106.334529563146,-40,2,0,5,1,1,14,1,833e3d25-338e-402d-bcd8-6222f907e537,600,1,0,0,0,0,0,,0,0,0
A1B2C3182013,MA1-65219,85a8fb3b-d064-eb11-a812-000d3a09c0c9,30,15000,1000,0,600,3,2,MA1-65219,960,FAUX,123456789170838,85,1,1,0,1,1,1,1,0,2024-08-19 18:20:13.551,27.5391968111981,-106.333933012922,-40,2,0,5,1,1,14,1,833e3d25-338e-402d-bcd8-6222f907e537,600,1,0,0,0,0,0,,0,0,0
A1B2C3182155,MA1-65123,85a8fb3b-d064-eb11-a812-000d3a09c0c9,30,15000,1000,0,600,3,2,MA1-65123,960,FAUX,123456789170838,85,1,1,0,1,1,1,1,0,2024-08-19 18:21:55.196,27.5420668512833,-106.332612234088,-40,2,0,5,1,1,14,1,833e3d25-338e-402d-bcd8-6222f907e537,600,1,0,0,0,0,0,,0,0,0
A1B2C3182156,MA1-65125,85a8fb3b-d064-eb11-a812-000d3a09c0c9,30,15000,1000,0,600,3,2,MA1-65125,960,FAUX,123456789170838,85,1,1,0,1,1,1,1,0,2024-08-19 18:21:56.484,27.5418948638607,-106.332326918401,-40,2,0,5,1,1,14,1,833e3d25-338e-402d-bcd8-6222f907e537,600,1,0,0,0,0,0,,0,0,0
A1B2C3182157,MA1-65126,85a8fb3b-d064-eb11-a812-000d3a09c0c9,30,15000,1000,0,600,3,2,MA1-65126,960,FAUX,123456789170838,85,1,1,0,1,1,1,1,0,2024-08-19 18:21:57.085,27.5418998634989,-106.332731773466,-40,2,0,5,1,1,14,1,833e3d25-338e-402d-bcd8-6222f907e537,600,1,0,0,0,0,0,,0,0,0
A1B2C3182158,MA1-65128,85a8fb3b-d064-eb11-a812-000d3a09c0c9,30,15000,1000,0,600,3,2,MA1-65128,960,FAUX,123456789170838,85,1,1,0,1,1,1,1,0,2024-08-19 18:21:58.344,27.541703877512,-106.332473523299,-40,2,0,5,1,1,14,1,833e3d25-338e-402d-bcd8-6222f907e537,600,1,0,0,0,0,0,,0,0,0
A1B2C3182159,MA1-65122,85a8fb3b-d064-eb11-a812-000d3a09c0c9,30,15000,1000,0,600,3,2,MA1-65122,960,FAUX,123456789170838,85,1,1,0,1,1,1,1,0,2024-08-19 18:21:59.626,27.5425994645222,-106.332329046118,-40,2,0,5,1,1,14,1,833e3d25-338e-402d-bcd8-6222f907e537,600,1,0,0,0,0,0,,0,0,0
A1B2C3D4E500,MA1-99000,85a8fb3b-d064-eb11-a812-000d3a09c0c9,30,15000,1000,0,600,3,2,Ammonia Valve 07,960,,,85,1,1,0,1,0,1,0,0,,43.6160285822,-88.5423175378,-40,2,1,5,1,1,14,1,e5c835eb-eb58-ef11-bfe3-6045bd5b9e30,600,0,0,0,0,0,0,,0,0,0
A1B2C3D4E501,MA1-99001,85a8fb3b-d064-eb11-a812-000d3a09c0c9,30,15000,1000,0,600,3,2,Ammonia Valve 10,960,,,85,1,1,0,1,0,1,0,0,,43.6158661382,-88.5423265636,-40,2,1,5,1,1,14,1,e5c835eb-eb58-ef11-bfe3-6045bd5b9e30,600,0,0,0,0,0,0,,0,0,0
A1B2C3D4E502,MA1-99002,85a8fb3b-d064-eb11-a812-000d3a09c0c9,30,15000,1000,0,600,3,2,Ammonia Valve 09,960,,,85,1,1,0,1,0,1,0,0,,43.6156829636,-88.5423382635,-40,2,1,5,1,1,14,1,e5c835eb-eb58-ef11-bfe3-6045bd5b9e30,600,0,0,0,0,0,0,,0,0,0
A1B2C3D4E503,MA1-99003,85a8fb3b-d064-eb11-a812-000d3a09c0c9,30,15000,1000,0,600,3,2,Ammonia Valve 08,960,,,85,1,1,0,1,0,1,0,0,,43.6155167295,-88.542333876,-40,2,1,5,1,1,14,1,e5c835eb-eb58-ef11-bfe3-6045bd5b9e30,600,0,0,0,0,0,0,,0,0,0
A1B2C3D4E504,MA1-99004,85a8fb3b-d064-eb11-a812-000d3a09c0c9,30,15000,1000,0,600,3,2,Ammonia Valve 06,960,,,85,1,1,0,1,0,1,0,0,,43.6155914746,-88.5424981703,-40,2,1,5,1,1,14,1,e5c835eb-eb58-ef11-bfe3-6045bd5b9e30,600,0,0,0,0,0,0,,0,0,0
A1B2C3D4E505,MA1-99005,85a8fb3b-d064-eb11-a812-000d3a09c0c9,30,15000,1000,0,600,3,2,Ammonia Valve 05,960,,,85,1,1,0,1,1,1,0,0,,43.6157725319,-88.5424981703,-20,2,1,5,1,1,14,1,e5c835eb-eb58-ef11-bfe3-6045bd5b9e30,600,0,0,0,0,0,0,,0,0,0
A1B2C3D4E506,MA1-99006,85a8fb3b-d064-eb11-a812-000d3a09c0c9,30,15000,1000,0,600,3,2,Ammonia Valve 04,960,,,85,1,1,0,1,0,1,0,0,,43.6158900599,-88.5424893954,-40,2,1,5,1,1,14,1,e5c835eb-eb58-ef11-bfe3-6045bd5b9e30,600,0,0,0,0,0,0,,0,0,0
A707544980DC,MA1-00307,b1a7a54e-fd59-ec11-8f8e-000d3a09c7d0,30,15000,1000,0,0,2,2,MA1-00307,960,1.0.1,351249952210118,10,1,1,1,1,1,0,1,1,2025-02-11 19:36:59.000,49.2879420573,-123.122250488,0,2,1,5,0,1,32,1,F377233F-3176-43D7-81D9-31879071746D,120,1,0,0,3600,0,0,test test,0,0,0
AAD9621B13D6,MA1-00023,85a8fb3b-d064-eb11-a812-000d3a09c0c9,30,4000,1000,0,900,2,2,Separator 6 Drive Motor,960,1.0.8,351249952210308,24,1,1,1,0,1,1,1,1,2025-02-11 19:44:23.000,41.1169525618,-100.71810278,-5,2,1,5,0,1,25,1,6c19ff5a-27ce-4335-b545-96086e08f42d,300,0,0,1,3600,1,13500,Monitoring Temperature and Vibration on the Line 6 Separator drive motor,0,0,0
AD4BDC5EDFFE,MA1-00018,b1a7a54e-fd59-ec11-8f8e-000d3a09c7d0,30,15000,1000,0,1800,2,2,MA1-00018,960,1.0.1,351249951983574,85,1,0,0,1,1,1,0,0,2024-11-07 19:49:46.000,48.36,-123.5,-40,2,0,5,0,1,,1,b5f34ea9-da8a-ed11-81ad-002248d51dac,900,0,0,0,3600,0,0,,0,100,0
B3A88203A3F8,MA1-01266,55a0919b-3a7c-ef11-ac20-0022483c4e5c,50,15000,1000,0,3600,2,2,HP02 - Compressor,1600,1.0.1,351249951928009,85,1,1,1,0,1,1,1,1,2025-02-11 19:28:56.000,49.2817953241,-123.129618477,-40,2,0,5,0,1,15,1,2527DD52-F661-42B9-A391-F6042DDAB716,1200,0,0,0,3600,0,0,,0,0,0
B6712CC50DEC,BTAT0060,b1a7a54e-fd59-ec11-8f8e-000d3a09c7d0,30,15000,1000,0,0,3,2,Physical Sensor,960,1.0.6,358244087853422,85,1,1,0,1,1,1,0,0,2025-02-11 02:08:27.000,49.2748468792286,-123.134111169386,-40,2,0,5,0,1,,1,b22ec7e5-036b-4303-b2e0-fc7fef238668,900,0,0,0,3600,0,0,,0,100,0
B681E96530FC,MA1-00021,b1a7a54e-fd59-ec11-8f8e-000d3a09c7d0,30,15000,1000,1,1020,2,3,Billy Sensor,960,1.0.5,351249951965555,80,1,0,1,1,0,1,1,1,2024-11-04 23:17:31.000,49.2797087649,-123.115722906,40,2,0,5,0,1,17,1,3353d396-b043-ef11-a316-6045bd5b9e30,1200,1,0,1,3600,1,1000,Billy Sensor1,0,100,0
B681E96530FC1,MA1-9999991,b1a7a54e-fd59-ec11-8f8e-000d3a09c7d0,35,15400,1000,1,1800,2,3.7,Sensor 1,100,1.0.1,351249951965555,85,1,0,1,0,1,1,1,1,,49.2802244559,-123.1162315,-20,3,0,50,1,1,25,1,c919ac83-b043-ef11-a316-6045bd5bc919,600,1,0,0,0,1,0,,0,100,0
B681E96530FC10,MA1-99999910,b1a7a54e-fd59-ec11-8f8e-000d3a09c7d0,35,15400,1000,1,1800,2,3.7,Sensor 10,100,1.0.1,351249951965555,85,1,0,1,0,1,1,1,1,,49.2811244559,-123.1162135,-20,3,0,50,1,1,25,1,c919ac83-b043-ef11-a316-6045bd5bc919,600,0,0,0,0,0,0,,0,100,0
B681E96530FC100,MA1-999999100,b1a7a54e-fd59-ec11-8f8e-000d3a09c7d0,35,15400,1000,1,1800,2,3.7,Sensor 100,100,1.0.1,351249951965555,85,1,0,1,0,1,1,1,1,,49.2901244559,-123.1160335,-20,3,0,50,1,1,25,1,c919ac83-b043-ef11-a316-6045bd5bc919,600,0,0,0,0,0,0,,0,100,0
B681E96530FC11,MA1-99999911,b1a7a54e-fd59-ec11-8f8e-000d3a09c7d0,35,15400,1000,1,1800,2,3.7,Sensor 11,100,1.0.1,351249951965555,85,1,0,1,0,1,1,1,1,,49.2812244559,-123.1162115,-20,3,0,50,1,1,25,1,c919ac83-b043-ef11-a316-6045bd5bc919,600,0,0,0,0,0,0,,0,100,0
B681E96530FC12,MA1-99999912,b1a7a54e-fd59-ec11-8f8e-000d3a09c7d0,35,15400,1000,1,1800,2,3.7,Sensor 12,100,1.0.1,351249951965555,85,1,0,1,0,1,1,1,1,,49.2813244559,-123.1162095,-20,3,0,50,1,1,25,1,c919ac83-b043-ef11-a316-6045bd5bc919,600,0,0,0,0,0,0,,0,100,0
B681E96530FC13,MA1-99999913,b1a7a54e-fd59-ec11-8f8e-000d3a09c7d0,35,15400,1000,1,1800,2,3.7,Sensor 13,100,1.0.1,351249951965555,85,1,0,1,0,1,1,1,1,,49.2814244559,-123.1162075,-20,3,0,50,1,1,25,1,c919ac83-b043-ef11-a316-6045bd5bc919,600,0,0,0,0,0,0,,0,100,0
B681E96530FC14,MA1-99999914,b1a7a54e-fd59-ec11-8f8e-000d3a09c7d0,35,15400,1000,1,1800,2,3.7,Sensor 14,100,1.0.1,351249951965555,85,1,0,1,0,1,1,1,1,,49.2815244559,-123.1162055,-20,3,0,50,1,1,25,1,c919ac83-b043-ef11-a316-6045bd5bc919,600,0,0,0,0,0,0,,0,100,0
B681E96530FC15,MA1-99999915,b1a7a54e-fd59-ec11-8f8e-000d3a09c7d0,35,15400,1000,1,1800,2,3.7,Sensor 15,100,1.0.1,351249951965555,85,1,0,1,0,1,1,1,1,,49.2816244559,-123.1162035,-20,3,0,50,1,1,25,1,c919ac83-b043-ef11-a316-6045bd5bc919,600,0,0,0,0,0,0,,0,100,0
B681E96530FC16,MA1-99999916,b1a7a54e-fd59-ec11-8f8e-000d3a09c7d0,35,15400,1000,1,1800,2,3.7,Sensor 16,100,1.0.1,351249951965555,85,1,0,1,0,1,1,1,1,,49.2817244559,-123.1162015,-20,3,0,50,1,1,25,1,c919ac83-b043-ef11-a316-6045bd5bc919,600,0,0,0,0,0,0,,0,100,0
B681E96530FC17,MA1-99999917,b1a7a54e-fd59-ec11-8f8e-000d3a09c7d0,35,15400,1000,1,1800,2,3.7,Sensor 17,100,1.0.1,351249951965555,85,1,0,1,0,1,1,1,1,,49.2818244559,-123.1161995,-20,3,0,50,1,1,25,1,c919ac83-b043-ef11-a316-6045bd5bc919,600,0,0,0,0,0,0,,0,100,0
B681E96530FC18,MA1-99999918,b1a7a54e-fd59-ec11-8f8e-000d3a09c7d0,35,15400,1000,1,1800,2,3.7,Sensor 18,100,1.0.1,351249951965555,85,1,0,1,0,1,1,1,1,,49.2819244559,-123.1161975,-20,3,0,50,1,1,25,1,c919ac83-b043-ef11-a316-6045bd5bc919,600,0,0,0,0,0,0,,0,100,0
B681E96530FC19,MA1-99999919,b1a7a54e-fd59-ec11-8f8e-000d3a09c7d0,35,15400,1000,1,1800,2,3.7,Sensor 19,100,1.0.1,351249951965555,85,1,0,1,0,1,1,1,1,,49.2820244559,-123.1161955,-20,3,0,50,1,1,25,1,c919ac83-b043-ef11-a316-6045bd5bc919,600,0,0,0,0,0,0,,0,100,0
B681E96530FC2,MA1-9999992,b1a7a54e-fd59-ec11-8f8e-000d3a09c7d0,35,15400,1000,1,1800,2,3.7,Sensor 2,100,1.0.1,351249951965555,85,1,0,1,0,1,1,1,1,,49.2803244559,-123.1162295,-20,3,0,50,1,1,25,1,c919ac83-b043-ef11-a316-6045bd5bc919,600,0,0,0,0,0,0,,0,100,0
B681E96530FC20,MA1-99999920,b1a7a54e-fd59-ec11-8f8e-000d3a09c7d0,35,15400,1000,1,1800,2,3.7,Sensor 20,100,1.0.1,351249951965555,85,1,0,1,0,1,1,1,1,,49.2821244559,-123.1161935,-20,3,0,50,1,1,25,1,c919ac83-b043-ef11-a316-6045bd5bc919,600,0,0,0,0,0,0,,0,100,0
B681E96530FC21,MA1-99999921,b1a7a54e-fd59-ec11-8f8e-000d3a09c7d0,35,15400,1000,1,1800,2,3.7,Sensor 21,100,1.0.1,351249951965555,85,1,0,1,0,1,1,1,1,,49.2822244559,-123.1161915,-20,3,0,50,1,1,25,1,c919ac83-b043-ef11-a316-6045bd5bc919,600,0,0,0,0,0,0,,0,100,0
B681E96530FC22,MA1-99999922,b1a7a54e-fd59-ec11-8f8e-000d3a09c7d0,35,15400,1000,1,1800,2,3.7,Sensor 22,100,1.0.1,351249951965555,85,1,0,1,0,1,1,1,1,,49.2823244559,-123.1161895,-20,3,0,50,1,1,25,1,c919ac83-b043-ef11-a316-6045bd5bc919,600,0,0,0,0,0,0,,0,100,0
B681E96530FC23,MA1-99999923,b1a7a54e-fd59-ec11-8f8e-000d3a09c7d0,35,15400,1000,1,1800,2,3.7,Sensor 23,100,1.0.1,351249951965555,85,1,0,1,0,1,1,1,1,,49.2824244559,-123.1161875,-20,3,0,50,1,1,25,1,c919ac83-b043-ef11-a316-6045bd5bc919,600,0,0,0,0,0,0,,0,100,0
B681E96530FC24,MA1-99999924,b1a7a54e-fd59-ec11-8f8e-000d3a09c7d0,35,15400,1000,1,1800,2,3.7,Sensor 24,100,1.0.1,351249951965555,85,1,0,1,0,1,1,1,1,,49.2825244559,-123.1161855,-20,3,0,50,1,1,25,1,c919ac83-b043-ef11-a316-6045bd5bc919,600,0,0,0,0,0,0,,0,100,0
B681E96530FC25,MA1-99999925,b1a7a54e-fd59-ec11-8f8e-000d3a09c7d0,35,15400,1000,1,1800,2,3.7,Sensor 25,100,1.0.1,351249951965555,85,1,0,1,0,1,1,1,1,,49.2826244559,-123.1161835,-20,3,0,50,1,1,25,1,c919ac83-b043-ef11-a316-6045bd5bc919,600,0,0,0,0,0,0,,0,100,0
B681E96530FC26,MA1-99999926,b1a7a54e-fd59-ec11-8f8e-000d3a09c7d0,35,15400,1000,1,1800,2,3.7,Sensor 26,100,1.0.1,351249951965555,85,1,0,1,0,1,1,1,1,,49.2827244559,-123.1161815,-20,3,0,50,1,1,25,1,c919ac83-b043-ef11-a316-6045bd5bc919,600,0,0,0,0,0,0,,0,100,0
B681E96530FC27,MA1-99999927,b1a7a54e-fd59-ec11-8f8e-000d3a09c7d0,35,15400,1000,1,1800,2,3.7,Sensor 27,100,1.0.1,351249951965555,85,1,0,1,0,1,1,1,1,,49.2828244559,-123.1161795,-20,3,0,50,1,1,25,1,c919ac83-b043-ef11-a316-6045bd5bc919,600,0,0,0,0,0,0,,0,100,0
B681E96530FC28,MA1-99999928,b1a7a54e-fd59-ec11-8f8e-000d3a09c7d0,35,15400,1000,1,1800,2,3.7,Sensor 28,100,1.0.1,351249951965555,85,1,0,1,0,1,1,1,1,,49.2829244559,-123.1161775,-20,3,0,50,1,1,25,1,c919ac83-b043-ef11-a316-6045bd5bc919,600,0,0,0,0,0,0,,0,100,0
B681E96530FC29,MA1-99999929,b1a7a54e-fd59-ec11-8f8e-000d3a09c7d0,35,15400,1000,1,1800,2,3.7,Sensor 29,100,1.0.1,351249951965555,85,1,0,1,0,1,1,1,1,,49.2830244559,-123.1161755,-20,3,0,50,1,1,25,1,c919ac83-b043-ef11-a316-6045bd5bc919,600,0,0,0,0,0,0,,0,100,0
B681E96530FC3,MA1-9999993,b1a7a54e-fd59-ec11-8f8e-000d3a09c7d0,35,15400,1000,1,1800,2,3.7,Sensor 3,100,1.0.1,351249951965555,85,1,0,1,0,1,1,1,1,,49.2804244559,-123.1162275,-20,3,0,50,1,1,25,1,c919ac83-b043-ef11-a316-6045bd5bc919,600,0,0,0,0,0,0,,0,100,0
B681E96530FC30,MA1-99999930,b1a7a54e-fd59-ec11-8f8e-000d3a09c7d0,35,15400,1000,1,1800,2,3.7,Sensor 30,100,1.0.1,351249951965555,85,1,0,1,0,1,1,1,1,,49.2831244559,-123.1161735,-20,3,0,50,1,1,25,1,c919ac83-b043-ef11-a316-6045bd5bc919,600,0,0,0,0,0,0,,0,100,0
B681E96530FC31,MA1-99999931,b1a7a54e-fd59-ec11-8f8e-000d3a09c7d0,35,15400,1000,1,1800,2,3.7,Sensor 31,100,1.0.1,351249951965555,85,1,0,1,0,1,1,1,1,,49.2832244559,-123.1161715,-20,3,0,50,1,1,25,1,c919ac83-b043-ef11-a316-6045bd5bc919,600,0,0,0,0,0,0,,0,100,0
B681E96530FC32,MA1-99999932,b1a7a54e-fd59-ec11-8f8e-000d3a09c7d0,35,15400,1000,1,1800,2,3.7,Sensor 32,100,1.0.1,351249951965555,85,1,0,1,0,1,1,1,1,,49.2833244559,-123.1161695,-20,3,0,50,1,1,25,1,c919ac83-b043-ef11-a316-6045bd5bc919,600,0,0,0,0,0,0,,0,100,0
B681E96530FC33,MA1-99999933,b1a7a54e-fd59-ec11-8f8e-000d3a09c7d0,35,15400,1000,1,1800,2,3.7,Sensor 33,100,1.0.1,351249951965555,85,1,0,1,0,1,1,1,1,,49.2834244559,-123.1161675,-20,3,0,50,1,1,25,1,c919ac83-b043-ef11-a316-6045bd5bc919,600,0,0,0,0,0,0,,0,100,0
B681E96530FC34,MA1-99999934,b1a7a54e-fd59-ec11-8f8e-000d3a09c7d0,35,15400,1000,1,1800,2,3.7,Sensor 34,100,1.0.1,351249951965555,85,1,0,1,0,1,1,1,1,,49.2835244559,-123.1161655,-20,3,0,50,1,1,25,1,c919ac83-b043-ef11-a316-6045bd5bc919,600,0,0,0,0,0,0,,0,100,0
B681E96530FC35,MA1-99999935,b1a7a54e-fd59-ec11-8f8e-000d3a09c7d0,35,15400,1000,1,1800,2,3.7,Sensor 35,100,1.0.1,351249951965555,85,1,0,1,0,1,1,1,1,,49.2836244559,-123.1161635,-20,3,0,50,1,1,25,1,c919ac83-b043-ef11-a316-6045bd5bc919,600,0,0,0,0,0,0,,0,100,0
B681E96530FC36,MA1-99999936,b1a7a54e-fd59-ec11-8f8e-000d3a09c7d0,35,15400,1000,1,1800,2,3.7,Sensor 36,100,1.0.1,351249951965555,85,1,0,1,0,1,1,1,1,,49.2837244559,-123.1161615,-20,3,0,50,1,1,25,1,c919ac83-b043-ef11-a316-6045bd5bc919,600,0,0,0,0,0,0,,0,100,0
B681E96530FC37,MA1-99999937,b1a7a54e-fd59-ec11-8f8e-000d3a09c7d0,35,15400,1000,1,1800,2,3.7,Sensor 37,100,1.0.1,351249951965555,85,1,0,1,0,1,1,1,1,,49.2838244559,-123.1161595,-20,3,0,50,1,1,25,1,c919ac83-b043-ef11-a316-6045bd5bc919,600,0,0,0,0,0,0,,0,100,0
B681E96530FC38,MA1-99999938,b1a7a54e-fd59-ec11-8f8e-000d3a09c7d0,35,15400,1000,1,1800,2,3.7,Sensor 38,100,1.0.1,351249951965555,85,1,0,1,0,1,1,1,1,,49.2839244559,-123.1161575,-20,3,0,50,1,1,25,1,c919ac83-b043-ef11-a316-6045bd5bc919,600,0,0,0,0,0,0,,0,100,0
B681E96530FC39,MA1-99999939,b1a7a54e-fd59-ec11-8f8e-000d3a09c7d0,35,15400,1000,1,1800,2,3.7,Sensor 39,100,1.0.1,351249951965555,85,1,0,1,0,1,1,1,1,,49.2840244559,-123.1161555,-20,3,0,50,1,1,25,1,c919ac83-b043-ef11-a316-6045bd5bc919,600,0,0,0,0,0,0,,0,100,0
B681E96530FC4,MA1-9999994,b1a7a54e-fd59-ec11-8f8e-000d3a09c7d0,35,15400,1000,1,1800,2,3.7,Sensor 4,100,1.0.1,351249951965555,85,1,0,1,0,1,1,1,1,,49.2805244559,-123.1162255,-20,3,0,50,1,1,25,1,c919ac83-b043-ef11-a316-6045bd5bc919,600,0,0,0,0,0,0,,0,100,0
B681E96530FC40,MA1-99999940,b1a7a54e-fd59-ec11-8f8e-000d3a09c7d0,35,15400,1000,1,1800,2,3.7,Sensor 40,100,1.0.1,351249951965555,85,1,0,1,0,1,1,1,1,,49.2841244559,-123.1161535,-20,3,0,50,1,1,25,1,c919ac83-b043-ef11-a316-6045bd5bc919,600,0,0,0,0,0,0,,0,100,0
B681E96530FC41,MA1-99999941,b1a7a54e-fd59-ec11-8f8e-000d3a09c7d0,35,15400,1000,1,1800,2,3.7,Sensor 41,100,1.0.1,351249951965555,85,1,0,1,0,1,1,1,1,,49.2842244559,-123.1161515,-20,3,0,50,1,1,25,1,c919ac83-b043-ef11-a316-6045bd5bc919,600,0,0,0,0,0,0,,0,100,0
B681E96530FC42,MA1-99999942,b1a7a54e-fd59-ec11-8f8e-000d3a09c7d0,35,15400,1000,1,1800,2,3.7,Sensor 42,100,1.0.1,351249951965555,85,1,0,1,0,1,1,1,1,,49.2843244559,-123.1161495,-20,3,0,50,1,1,25,1,c919ac83-b043-ef11-a316-6045bd5bc919,600,0,0,0,0,0,0,,0,100,0
B681E96530FC43,MA1-99999943,b1a7a54e-fd59-ec11-8f8e-000d3a09c7d0,35,15400,1000,1,1800,2,3.7,Sensor 43,100,1.0.1,351249951965555,85,1,0,1,0,1,1,1,1,,49.2844244559,-123.1161475,-20,3,0,50,1,1,25,1,c919ac83-b043-ef11-a316-6045bd5bc919,600,0,0,0,0,0,0,,0,100,0
B681E96530FC44,MA1-99999944,b1a7a54e-fd59-ec11-8f8e-000d3a09c7d0,35,15400,1000,1,1800,2,3.7,Sensor 44,100,1.0.1,351249951965555,85,1,0,1,0,1,1,1,1,,49.2845244559,-123.1161455,-20,3,0,50,1,1,25,1,c919ac83-b043-ef11-a316-6045bd5bc919,600,0,0,0,0,0,0,,0,100,0
B681E96530FC45,MA1-99999945,b1a7a54e-fd59-ec11-8f8e-000d3a09c7d0,35,15400,1000,1,1800,2,3.7,Sensor 45,100,1.0.1,351249951965555,85,1,0,1,0,1,1,1,1,,49.2846244559,-123.1161435,-20,3,0,50,1,1,25,1,c919ac83-b043-ef11-a316-6045bd5bc919,600,0,0,0,0,0,0,,0,100,0
B681E96530FC46,MA1-99999946,b1a7a54e-fd59-ec11-8f8e-000d3a09c7d0,35,15400,1000,1,1800,2,3.7,Sensor 46,100,1.0.1,351249951965555,85,1,0,1,0,1,1,1,1,,49.2847244559,-123.1161415,-20,3,0,50,1,1,25,1,c919ac83-b043-ef11-a316-6045bd5bc919,600,0,0,0,0,0,0,,0,100,0
B681E96530FC47,MA1-99999947,b1a7a54e-fd59-ec11-8f8e-000d3a09c7d0,35,15400,1000,1,1800,2,3.7,Sensor 47,100,1.0.1,351249951965555,85,1,0,1,0,1,1,1,1,,49.2848244559,-123.1161395,-20,3,0,50,1,1,25,1,c919ac83-b043-ef11-a316-6045bd5bc919,600,0,0,0,0,0,0,,0,100,0
B681E96530FC48,MA1-99999948,b1a7a54e-fd59-ec11-8f8e-000d3a09c7d0,35,15400,1000,1,1800,2,3.7,Sensor 48,100,1.0.1,351249951965555,85,1,0,1,0,1,1,1,1,,49.2849244559,-123.1161375,-20,3,0,50,1,1,25,1,c919ac83-b043-ef11-a316-6045bd5bc919,600,0,0,0,0,0,0,,0,100,0
B681E96530FC49,MA1-99999949,b1a7a54e-fd59-ec11-8f8e-000d3a09c7d0,35,15400,1000,1,1800,2,3.7,Sensor 49,100,1.0.1,351249951965555,85,1,0,1,0,1,1,1,1,,49.2850244559,-123.1161355,-20,3,0,50,1,1,25,1,c919ac83-b043-ef11-a316-6045bd5bc919,600,0,0,0,0,0,0,,0,100,0
B681E96530FC5,MA1-9999995,b1a7a54e-fd59-ec11-8f8e-000d3a09c7d0,35,15400,1000,1,1800,2,3.7,Sensor 5,100,1.0.1,351249951965555,85,1,0,1,0,1,1,1,1,,49.2806244559,-123.1162235,-20,3,0,50,1,1,25,1,c919ac83-b043-ef11-a316-6045bd5bc919,600,0,0,0,0,0,0,,0,100,0
B681E96530FC50,MA1-99999950,b1a7a54e-fd59-ec11-8f8e-000d3a09c7d0,35,15400,1000,1,1800,2,3.7,Sensor 50,100,1.0.1,351249951965555,85,1,0,1,0,1,1,1,1,,49.2851244559,-123.1161335,-20,3,0,50,1,1,25,1,c919ac83-b043-ef11-a316-6045bd5bc919,600,0,0,0,0,0,0,,0,100,0
B681E96530FC51,MA1-99999951,b1a7a54e-fd59-ec11-8f8e-000d3a09c7d0,35,15400,1000,1,1800,2,3.7,Sensor 51,100,1.0.1,351249951965555,85,1,0,1,0,1,1,1,1,,49.2852244559,-123.1161315,-20,3,0,50,1,1,25,1,c919ac83-b043-ef11-a316-6045bd5bc919,600,0,0,0,0,0,0,,0,100,0
B681E96530FC52,MA1-99999952,b1a7a54e-fd59-ec11-8f8e-000d3a09c7d0,35,15400,1000,1,1800,2,3.7,Sensor 52,100,1.0.1,351249951965555,85,1,0,1,0,1,1,1,1,,49.2853244559,-123.1161295,-20,3,0,50,1,1,25,1,c919ac83-b043-ef11-a316-6045bd5bc919,600,0,0,0,0,0,0,,0,100,0
B681E96530FC53,MA1-99999953,b1a7a54e-fd59-ec11-8f8e-000d3a09c7d0,35,15400,1000,1,1800,2,3.7,Sensor 53,100,1.0.1,351249951965555,85,1,0,1,0,1,1,1,1,,49.2854244559,-123.1161275,-20,3,0,50,1,1,25,1,c919ac83-b043-ef11-a316-6045bd5bc919,600,0,0,0,0,0,0,,0,100,0
B681E96530FC54,MA1-99999954,b1a7a54e-fd59-ec11-8f8e-000d3a09c7d0,35,15400,1000,1,1800,2,3.7,Sensor 54,100,1.0.1,351249951965555,85,1,0,1,0,1,1,1,1,,49.2855244559,-123.1161255,-20,3,0,50,1,1,25,1,c919ac83-b043-ef11-a316-6045bd5bc919,600,0,0,0,0,0,0,,0,100,0
B681E96530FC55,MA1-99999955,b1a7a54e-fd59-ec11-8f8e-000d3a09c7d0,35,15400,1000,1,1800,2,3.7,Sensor 55,100,1.0.1,351249951965555,85,1,0,1,0,1,1,1,1,,49.2856244559,-123.1161235,-20,3,0,50,1,1,25,1,c919ac83-b043-ef11-a316-6045bd5bc919,600,0,0,0,0,0,0,,0,100,0
B681E96530FC56,MA1-99999956,b1a7a54e-fd59-ec11-8f8e-000d3a09c7d0,35,15400,1000,1,1800,2,3.7,Sensor 56,100,1.0.1,351249951965555,85,1,0,1,0,1,1,1,1,,49.2857244559,-123.1161215,-20,3,0,50,1,1,25,1,c919ac83-b043-ef11-a316-6045bd5bc919,600,0,0,0,0,0,0,,0,100,0
B681E96530FC57,MA1-99999957,b1a7a54e-fd59-ec11-8f8e-000d3a09c7d0,35,15400,1000,1,1800,2,3.7,Sensor 57,100,1.0.1,351249951965555,85,1,0,1,0,1,1,1,1,,49.2858244559,-123.1161195,-20,3,0,50,1,1,25,1,c919ac83-b043-ef11-a316-6045bd5bc919,600,0,0,0,0,0,0,,0,100,0
B681E96530FC58,MA1-99999958,b1a7a54e-fd59-ec11-8f8e-000d3a09c7d0,35,15400,1000,1,1800,2,3.7,Sensor 58,100,1.0.1,351249951965555,85,1,0,1,0,1,1,1,1,,49.2859244559,-123.1161175,-20,3,0,50,1,1,25,1,c919ac83-b043-ef11-a316-6045bd5bc919,600,0,0,0,0,0,0,,0,100,0
B681E96530FC59,MA1-99999959,b1a7a54e-fd59-ec11-8f8e-000d3a09c7d0,35,15400,1000,1,1800,2,3.7,Sensor 59,100,1.0.1,351249951965555,85,1,0,1,0,1,1,1,1,,49.2860244559,-123.1161155,-20,3,0,50,1,1,25,1,c919ac83-b043-ef11-a316-6045bd5bc919,600,0,0,0,0,0,0,,0,100,0
B681E96530FC6,MA1-9999996,b1a7a54e-fd59-ec11-8f8e-000d3a09c7d0,35,15400,1000,1,1800,2,3.7,Sensor 6,100,1.0.1,351249951965555,85,1,0,1,0,1,1,1,1,,49.2807244559,-123.1162215,-20,3,0,50,1,1,25,1,c919ac83-b043-ef11-a316-6045bd5bc919,600,0,0,0,0,0,0,,0,100,0
B681E96530FC60,MA1-99999960,b1a7a54e-fd59-ec11-8f8e-000d3a09c7d0,35,15400,1000,1,1800,2,3.7,Sensor 60,100,1.0.1,351249951965555,85,1,0,1,0,1,1,1,1,,49.2861244559,-123.1161135,-20,3,0,50,1,1,25,1,c919ac83-b043-ef11-a316-6045bd5bc919,600,0,0,0,0,0,0,,0,100,0
B681E96530FC61,MA1-99999961,b1a7a54e-fd59-ec11-8f8e-000d3a09c7d0,35,15400,1000,1,1800,2,3.7,Sensor 61,100,1.0.1,351249951965555,85,1,0,1,0,1,1,1,1,,49.2862244559,-123.1161115,-20,3,0,50,1,1,25,1,c919ac83-b043-ef11-a316-6045bd5bc919,600,0,0,0,0,0,0,,0,100,0
B681E96530FC62,MA1-99999962,b1a7a54e-fd59-ec11-8f8e-000d3a09c7d0,35,15400,1000,1,1800,2,3.7,Sensor 62,100,1.0.1,351249951965555,85,1,0,1,0,1,1,1,1,,49.2863244559,-123.1161095,-20,3,0,50,1,1,25,1,c919ac83-b043-ef11-a316-6045bd5bc919,600,0,0,0,0,0,0,,0,100,0
B681E96530FC63,MA1-99999963,b1a7a54e-fd59-ec11-8f8e-000d3a09c7d0,35,15400,1000,1,1800,2,3.7,Sensor 63,100,1.0.1,351249951965555,85,1,0,1,0,1,1,1,1,,49.2864244559,-123.1161075,-20,3,0,50,1,1,25,1,c919ac83-b043-ef11-a316-6045bd5bc919,600,0,0,0,0,0,0,,0,100,0
B681E96530FC64,MA1-99999964,b1a7a54e-fd59-ec11-8f8e-000d3a09c7d0,35,15400,1000,1,1800,2,3.7,Sensor 64,100,1.0.1,351249951965555,85,1,0,1,0,1,1,1,1,,49.2865244559,-123.1161055,-20,3,0,50,1,1,25,1,c919ac83-b043-ef11-a316-6045bd5bc919,600,0,0,0,0,0,0,,0,100,0
B681E96530FC65,MA1-99999965,b1a7a54e-fd59-ec11-8f8e-000d3a09c7d0,35,15400,1000,1,1800,2,3.7,Sensor 65,100,1.0.1,351249951965555,85,1,0,1,0,1,1,1,1,,49.2866244559,-123.1161035,-20,3,0,50,1,1,25,1,c919ac83-b043-ef11-a316-6045bd5bc919,600,0,0,0,0,0,0,,0,100,0
B681E96530FC66,MA1-99999966,b1a7a54e-fd59-ec11-8f8e-000d3a09c7d0,35,15400,1000,1,1800,2,3.7,Sensor 66,100,1.0.1,351249951965555,85,1,0,1,0,1,1,1,1,,49.2867244559,-123.1161015,-20,3,0,50,1,1,25,1,c919ac83-b043-ef11-a316-6045bd5bc919,600,0,0,0,0,0,0,,0,100,0
B681E96530FC67,MA1-99999967,b1a7a54e-fd59-ec11-8f8e-000d3a09c7d0,35,15400,1000,1,1800,2,3.7,Sensor 67,100,1.0.1,351249951965555,85,1,0,1,0,1,1,1,1,,49.2868244559,-123.1160995,-20,3,0,50,1,1,25,1,c919ac83-b043-ef11-a316-6045bd5bc919,600,0,0,0,0,0,0,,0,100,0
B681E96530FC68,MA1-99999968,b1a7a54e-fd59-ec11-8f8e-000d3a09c7d0,35,15400,1000,1,1800,2,3.7,Sensor 68,100,1.0.1,351249951965555,85,1,0,1,0,1,1,1,1,,49.2869244559,-123.1160975,-20,3,0,50,1,1,25,1,c919ac83-b043-ef11-a316-6045bd5bc919,600,0,0,0,0,0,0,,0,100,0
B681E96530FC69,MA1-99999969,b1a7a54e-fd59-ec11-8f8e-000d3a09c7d0,35,15400,1000,1,1800,2,3.7,Sensor 69,100,1.0.1,351249951965555,85,1,0,1,0,1,1,1,1,,49.2870244559,-123.1160955,-20,3,0,50,1,1,25,1,c919ac83-b043-ef11-a316-6045bd5bc919,600,0,0,0,0,0,0,,0,100,0
B681E96530FC7,MA1-9999997,b1a7a54e-fd59-ec11-8f8e-000d3a09c7d0,35,15400,1000,1,1800,2,3.7,Sensor 7,100,1.0.1,351249951965555,85,1,0,1,0,1,1,1,1,,49.2808244559,-123.1162195,-20,3,0,50,1,1,25,1,c919ac83-b043-ef11-a316-6045bd5bc919,600,0,0,0,0,0,0,,0,100,0
B681E96530FC70,MA1-99999970,b1a7a54e-fd59-ec11-8f8e-000d3a09c7d0,35,15400,1000,1,1800,2,3.7,Sensor 70,100,1.0.1,351249951965555,85,1,0,1,0,1,1,1,1,,49.2871244559,-123.1160935,-20,3,0,50,1,1,25,1,c919ac83-b043-ef11-a316-6045bd5bc919,600,0,0,0,0,0,0,,0,100,0
B681E96530FC71,MA1-99999971,b1a7a54e-fd59-ec11-8f8e-000d3a09c7d0,35,15400,1000,1,1800,2,3.7,Sensor 71,100,1.0.1,351249951965555,85,1,0,1,0,1,1,1,1,,49.2872244559,-123.1160915,-20,3,0,50,1,1,25,1,c919ac83-b043-ef11-a316-6045bd5bc919,600,0,0,0,0,0,0,,0,100,0
B681E96530FC72,MA1-99999972,b1a7a54e-fd59-ec11-8f8e-000d3a09c7d0,35,15400,1000,1,1800,2,3.7,Sensor 72,100,1.0.1,351249951965555,85,1,0,1,0,1,1,1,1,,49.2873244559,-123.1160895,-20,3,0,50,1,1,25,1,c919ac83-b043-ef11-a316-6045bd5bc919,600,0,0,0,0,0,0,,0,100,0
B681E96530FC73,MA1-99999973,b1a7a54e-fd59-ec11-8f8e-000d3a09c7d0,35,15400,1000,1,1800,2,3.7,Sensor 73,100,1.0.1,351249951965555,85,1,0,1,0,1,1,1,1,,49.2874244559,-123.1160875,-20,3,0,50,1,1,25,1,c919ac83-b043-ef11-a316-6045bd5bc919,600,0,0,0,0,0,0,,0,100,0
B681E96530FC74,MA1-99999974,b1a7a54e-fd59-ec11-8f8e-000d3a09c7d0,35,15401,1000,1,1800,2,3.7,Sensor 74,100,1.0.1,351249951965555,85,1,0,1,0,0,1,1,1,,49.2875244559,-123.1160855,-20,3,0,50,1,1,25,1,c919ac83-b043-ef11-a316-6045bd5bc919,600,0,0,0,0,1,0,,0,100,0
B681E96530FC75,MA1-99999975,b1a7a54e-fd59-ec11-8f8e-000d3a09c7d0,35,15400,1000,1,1800,2,3.7,Sensor 75,100,1.0.1,351249951965555,85,1,0,1,0,1,1,1,1,,49.2876244559,-123.1160835,-20,3,0,50,1,1,25,1,c919ac83-b043-ef11-a316-6045bd5bc919,600,0,0,0,0,0,0,,0,100,0
B681E96530FC76,MA1-99999976,b1a7a54e-fd59-ec11-8f8e-000d3a09c7d0,35,15400,1000,1,1800,2,3.7,Sensor 76,100,1.0.1,351249951965555,85,1,0,1,0,1,1,1,1,,49.2877244559,-123.1160815,-20,3,0,50,1,1,25,1,c919ac83-b043-ef11-a316-6045bd5bc919,600,0,0,0,0,0,0,,0,100,0
B681E96530FC77,MA1-99999977,b1a7a54e-fd59-ec11-8f8e-000d3a09c7d0,35,15400,1000,1,1800,2,3.7,Sensor 77,100,1.0.1,351249951965555,85,1,0,1,0,1,1,1,1,,49.2878244559,-123.1160795,-20,3,0,50,1,1,25,1,c919ac83-b043-ef11-a316-6045bd5bc919,600,0,0,0,0,0,0,,0,100,0
B681E96530FC78,MA1-99999978,b1a7a54e-fd59-ec11-8f8e-000d3a09c7d0,35,15400,1000,1,1800,2,3.7,Sensor 78,100,1.0.1,351249951965555,85,1,0,1,0,1,1,1,1,,49.2879244559,-123.1160775,-20,3,0,50,1,1,25,1,c919ac83-b043-ef11-a316-6045bd5bc919,600,0,0,0,0,0,0,,0,100,0
B681E96530FC79,MA1-99999979,b1a7a54e-fd59-ec11-8f8e-000d3a09c7d0,35,15400,1000,1,1800,2,3.7,Sensor 79,100,1.0.1,351249951965555,85,1,0,1,0,1,1,1,1,,49.2880244559,-123.1160755,-20,3,0,50,1,1,25,1,c919ac83-b043-ef11-a316-6045bd5bc919,600,0,0,0,0,0,0,,0,100,0
B681E96530FC8,MA1-9999998,b1a7a54e-fd59-ec11-8f8e-000d3a09c7d0,35,15400,1000,1,1800,2,3.7,Sensor 8,100,1.0.1,351249951965555,85,1,0,1,0,1,1,1,1,,49.2809244559,-123.1162175,-20,3,0,50,1,1,25,1,c919ac83-b043-ef11-a316-6045bd5bc919,600,0,0,0,0,0,0,,0,100,0
B681E96530FC80,MA1-99999980,b1a7a54e-fd59-ec11-8f8e-000d3a09c7d0,35,15400,1000,1,1800,2,3.7,Sensor 80,100,1.0.1,351249951965555,85,1,0,1,0,1,1,1,1,,49.2881244559,-123.1160735,-20,3,0,50,1,1,25,1,c919ac83-b043-ef11-a316-6045bd5bc919,600,0,0,0,0,0,0,,0,100,0
B681E96530FC81,MA1-99999981,b1a7a54e-fd59-ec11-8f8e-000d3a09c7d0,35,15400,1000,1,1800,2,3.7,Sensor 81,100,1.0.1,351249951965555,85,1,0,1,0,1,1,1,1,,49.2882244559,-123.1160715,-20,3,0,50,1,1,25,1,c919ac83-b043-ef11-a316-6045bd5bc919,600,0,0,0,0,0,0,,0,100,0
B681E96530FC82,MA1-99999982,b1a7a54e-fd59-ec11-8f8e-000d3a09c7d0,35,15400,1000,1,1800,2,3.7,Sensor 82,100,1.0.1,351249951965555,85,1,0,1,0,1,1,1,1,,49.2883244559,-123.1160695,-20,3,0,50,1,1,25,1,c919ac83-b043-ef11-a316-6045bd5bc919,600,0,0,0,0,0,0,,0,100,0
B681E96530FC83,MA1-99999983,b1a7a54e-fd59-ec11-8f8e-000d3a09c7d0,35,15400,1000,1,1800,2,3.7,Sensor 83,100,1.0.1,351249951965555,85,1,0,1,0,1,1,1,1,,49.2884244559,-123.1160675,-20,3,0,50,1,1,25,1,c919ac83-b043-ef11-a316-6045bd5bc919,600,0,0,0,0,0,0,,0,100,0
B681E96530FC84,MA1-99999984,b1a7a54e-fd59-ec11-8f8e-000d3a09c7d0,35,15400,1000,1,1800,2,3.7,Sensor 84,100,1.0.1,351249951965555,85,1,0,1,0,1,1,1,1,,49.2885244559,-123.1160655,-20,3,0,50,1,1,25,1,c919ac83-b043-ef11-a316-6045bd5bc919,600,0,0,0,0,0,0,,0,100,0
B681E96530FC85,MA1-99999985,b1a7a54e-fd59-ec11-8f8e-000d3a09c7d0,35,15400,1000,1,1800,2,3.7,Sensor 85,100,1.0.1,351249951965555,85,1,0,1,0,1,1,1,1,,49.2886244559,-123.1160635,-20,3,0,50,1,1,25,1,c919ac83-b043-ef11-a316-6045bd5bc919,600,0,0,0,0,0,0,,0,100,0
B681E96530FC86,MA1-99999986,b1a7a54e-fd59-ec11-8f8e-000d3a09c7d0,35,15400,1000,1,1800,2,3.7,Sensor 86,100,1.0.1,351249951965555,85,1,0,1,0,1,1,1,1,,49.2887244559,-123.1160615,-20,3,0,50,1,1,25,1,c919ac83-b043-ef11-a316-6045bd5bc919,600,0,0,0,0,0,0,,0,100,0
B681E96530FC87,MA1-99999987,b1a7a54e-fd59-ec11-8f8e-000d3a09c7d0,35,15400,1000,1,1800,2,3.7,Sensor 87,100,1.0.1,351249951965555,85,1,0,1,0,1,1,1,1,,49.2888244559,-123.1160595,-20,3,0,50,1,1,25,1,c919ac83-b043-ef11-a316-6045bd5bc919,600,0,0,0,0,0,0,,0,100,0
B681E96530FC88,MA1-99999988,b1a7a54e-fd59-ec11-8f8e-000d3a09c7d0,35,15400,1000,1,1800,2,3.7,Sensor 88,100,1.0.1,351249951965555,85,1,0,1,0,1,1,1,1,,49.2889244559,-123.1160575,-20,3,0,50,1,1,25,1,c919ac83-b043-ef11-a316-6045bd5bc919,600,0,0,0,0,0,0,,0,100,0
B681E96530FC89,MA1-99999989,b1a7a54e-fd59-ec11-8f8e-000d3a09c7d0,35,15400,1000,1,1800,2,3.7,Sensor 89,100,1.0.1,351249951965555,85,1,0,1,0,1,1,1,1,,49.2890244559,-123.1160555,-20,3,0,50,1,1,25,1,c919ac83-b043-ef11-a316-6045bd5bc919,600,0,0,0,0,0,0,,0,100,0
B681E96530FC9,MA1-9999999,b1a7a54e-fd59-ec11-8f8e-000d3a09c7d0,35,15400,1000,1,1800,2,3.7,Sensor 9,100,1.0.1,351249951965555,85,1,0,1,0,1,1,1,1,,49.2810244559,-123.1162155,-20,3,0,50,1,1,25,1,c919ac83-b043-ef11-a316-6045bd5bc919,600,0,0,0,0,0,0,,0,100,0
B681E96530FC90,MA1-99999990,b1a7a54e-fd59-ec11-8f8e-000d3a09c7d0,35,15400,1000,1,1800,2,3.7,Sensor 90,100,1.0.1,351249951965555,85,1,0,1,0,1,1,1,1,,49.2891244559,-123.1160535,-20,3,0,50,1,1,25,1,c919ac83-b043-ef11-a316-6045bd5bc919,600,0,0,0,0,0,0,,0,100,0
B681E96530FC91,MA1-99999991,b1a7a54e-fd59-ec11-8f8e-000d3a09c7d0,35,15400,1000,1,1800,2,3.7,Sensor 91,100,1.0.1,351249951965555,85,1,0,1,0,1,1,1,1,,49.2892244559,-123.1160515,-20,3,0,50,1,1,25,1,c919ac83-b043-ef11-a316-6045bd5bc919,600,0,0,0,0,0,0,,0,100,0
B681E96530FC92,MA1-99999992,b1a7a54e-fd59-ec11-8f8e-000d3a09c7d0,35,15400,1000,1,1800,2,3.7,Sensor 92,100,1.0.1,351249951965555,85,1,0,1,0,1,1,1,1,,49.2893244559,-123.1160495,-20,3,0,50,1,1,25,1,c919ac83-b043-ef11-a316-6045bd5bc919,600,0,0,0,0,0,0,,0,100,0
B681E96530FC93,MA1-99999993,b1a7a54e-fd59-ec11-8f8e-000d3a09c7d0,35,15400,1000,1,1800,2,3.7,Sensor 93,100,1.0.1,351249951965555,85,1,0,1,0,1,1,1,1,,49.2894244559,-123.1160475,-20,3,0,50,1,1,25,1,c919ac83-b043-ef11-a316-6045bd5bc919,600,0,0,0,0,0,0,,0,100,0
B681E96530FC94,MA1-99999994,b1a7a54e-fd59-ec11-8f8e-000d3a09c7d0,35,15400,1000,1,1800,2,3.7,Sensor 94,100,1.0.1,351249951965555,85,1,0,1,0,1,1,1,1,,49.2895244559,-123.1160455,-20,3,0,50,1,1,25,1,c919ac83-b043-ef11-a316-6045bd5bc919,600,0,0,0,0,0,0,,0,100,0
B681E96530FC95,MA1-99999995,b1a7a54e-fd59-ec11-8f8e-000d3a09c7d0,35,15400,1000,1,1800,2,3.7,Sensor 95,100,1.0.1,351249951965555,85,1,0,1,0,1,1,1,1,,49.2896244559,-123.1160435,-20,3,0,50,1,1,25,1,c919ac83-b043-ef11-a316-6045bd5bc919,600,0,0,0,0,0,0,,0,100,0
B681E96530FC96,MA1-99999996,b1a7a54e-fd59-ec11-8f8e-000d3a09c7d0,35,15400,1000,1,1800,2,3.7,Sensor 96,100,1.0.1,351249951965555,85,1,0,1,0,1,1,1,1,,49.2897244559,-123.1160415,-20,3,0,50,1,1,25,1,c919ac83-b043-ef11-a316-6045bd5bc919,600,0,0,0,0,0,0,,0,100,0
B681E96530FC97,MA1-99999997,b1a7a54e-fd59-ec11-8f8e-000d3a09c7d0,35,15400,1000,1,1800,2,3.7,Sensor 97,100,1.0.1,351249951965555,85,1,0,1,0,1,1,1,1,,49.2898244559,-123.1160395,-20,3,0,50,1,1,25,1,c919ac83-b043-ef11-a316-6045bd5bc919,600,0,0,0,0,0,0,,0,100,0
B681E96530FC98,MA1-99999998,b1a7a54e-fd59-ec11-8f8e-000d3a09c7d0,35,15400,1000,1,1800,2,3.7,Sensor 98,100,1.0.1,351249951965555,85,1,0,1,0,1,1,1,1,,49.2899244559,-123.1160375,-20,3,0,50,1,1,25,1,c919ac83-b043-ef11-a316-6045bd5bc919,600,0,0,0,0,0,0,,0,100,0
B681E96530FC99,MA1-99999999,b1a7a54e-fd59-ec11-8f8e-000d3a09c7d0,35,15400,1000,1,1800,2,3.7,Sensor 99,100,1.0.1,351249951965555,85,1,0,1,0,1,1,1,1,,49.2900244559,-123.1160355,-20,3,0,50,1,1,25,1,c919ac83-b043-ef11-a316-6045bd5bc919,600,0,0,0,0,0,0,,0,100,0
B681E9653aa123,JamesTest123,b1a7a54e-fd59-ec11-8f8e-000d3a09c7d0,30,15000,1000,0,1800,,2,JamesTest123,1,,,85,1,0,0,1,0,1,0,0,,49.2891512,-123.1212356,-40,2,0,5,0,1,,1,2df5d924-6d14-ee11-9cbe-000d3af4fddb,900,0,0,0,3600,0,0,,0,100,0
B7106DBE45F9,MA1-00377,85a8fb3b-d064-eb11-a812-000d3a09c0c9,127,15000,1000,0,1800,2,2,Mazak Nexus 450-II M Outer Bearing MA1-00377,4064,1.0.8,351249951902152,30,1,1,1,0,1,1,1,1,2025-02-11 19:31:21.000,53.481395069,-113.484108569,0,2,0,5,0,1,25,1,cd2ff6b5-f5c9-473a-9ce1-7dfe68538fc3,900,1,0,1,3600,1,2000,CNC Machine - Vibration - Side Mount & JB Weld,0,0,0
BB41FEFC3CDB,MA1-00324,85a8fb3b-d064-eb11-a812-000d3a09c0c9,127,15000,1000,0,1800,3,2,Phosphate Tank Electrical Panel MA1-00324,4064,1.0.8,351249951902152,50,1,1,1,1,1,1,1,1,2025-02-11 19:41:42.000,53.481382,-113.483753,0,2,0,5,0,1,25,1,cd2ff6b5-f5c9-473a-9ce1-7dfe68538fc3,900,1,0,0,3600,0,0,Dip Tank-Temperature-Velcro Pad,0,0,0
C2D6DC5483EA,BTAT0064,b1a7a54e-fd59-ec11-8f8e-000d3a09c7d0,15,4000,1000,0,0,2,2,Vibration sensor,480,1.0.8,351249951983574,85,1,0,0,0,1,1,0,0,2025-01-30 20:22:28.000,49.4,-123.3,-20,2,0,5,0,1,,1,b5f34ea9-da8a-ed11-81ad-002248d51dac,0,1,0,1,3600,0,0,,0,100,0
C5EE752FF2F4,MA1-00025,b1a7a54e-fd59-ec11-8f8e-000d3a09c7d0,15,15001,1000,0,60,2,2,MA1-00025,480,1.0.5,351249951964467,85,1,0,1,1,1,0,1,1,2025-02-10 21:00:42.000,49.2858499084,-123.122287431,-40,2,0,5,0,1,,1,89805107-7331-ee11-bdf4-000d3af4fe83,0,1,0,0,3600,0,0,,0,0,0
CEB6AF79A7C6,MA1-01265,55a0919b-3a7c-ef11-ac20-0022483c4e5c,30,15000,1000,0,1800,2,2,HP01- Fan Motor,960,1.0.1,351249951928009,85,1,1,1,1,1,1,1,1,2025-02-11 19:37:40.000,49.2818670478,-123.129569619,-40,2,0,5,0,1,25,1,2527DD52-F661-42B9-A391-F6042DDAB716,900,0,0,0,3600,0,0,,0,0,0
D1F8750872CC,LA1-00005,b1a7a54e-fd59-ec11-8f8e-000d3a09c7d0,25,15000,1000,0,900,3,2,LA1-00005,800,0.0.4,351249952210118,38,1,1,1,1,1,1,1,1,2025-02-11 19:30:38.000,49.2869420572,-123.123250489,0,2,1,5,0,1,28,2,f377233f-3176-43d7-81d9-31879071746d,600,1,0,0,3600,0,0,test,1,100,0
D43FF2AF3BD9,MA1-01255,85a8fb3b-d064-eb11-a812-000d3a09c0c9,20,4000,1000,0,1800,2,2,Virgilios Sensor 1,480,1.0.6,351249951924610,24,1,0,1,1,1,1,1,1,2025-01-11 22:47:25.000,54.0982394542,-116.616089638,10,2,1,5,0,1,14,1,7ee16989-d9bf-40df-9d9e-696209cf11a9,1200,1,0,0,3600,0,0,,0,0,0
D6E9234DD0E3,BTAT0005,b1a7a54e-fd59-ec11-8f8e-000d3a09c7d0,15,4000,1000,0,0,2,2,Reset  test,480,1.0.8,351249951983574,85,1,0,0,0,1,1,0,0,2025-02-10 21:38:44.000,48.3,-123.5,-40,2,0,5,0,1,,1,b5f34ea9-da8a-ed11-81ad-002248d51dac,0,0,0,1,3600,0,0,,0,100,0
D9E2102ACDF4,BTAT0076,b1a7a54e-fd59-ec11-8f8e-000d3a09c7d0,30,15000,1000,1,300,2,2,BTAT0076_Display,960,1.0.801,351249951965613,28,1,1,1,0,1,1,1,1,2025-02-11 02:10:06.000,49.2849420573,-123.125250488,5,2,1,5,0,1,26,1,f6e686db-d045-4790-9f54-1aa686fad426,0,1,0,0,3600,1,10000,This is the sensor on my desk,0,100,0
DDCC8D74D2C4,BTAT0009,b1a7a54e-fd59-ec11-8f8e-000d3a09c7d0,15,4000,1000,0,0,2,2,Reset  test,480,1.0.8,351249951983574,85,1,0,0,0,1,1,0,0,2025-01-30 20:23:13.000,48.3,-123.5,-40,2,0,5,0,1,,1,b5f34ea9-da8a-ed11-81ad-002248d51dac,0,1,0,1,3600,0,0,,0,100,0
E44B1B1517F4,MA1-00020,85a8fb3b-d064-eb11-a812-000d3a09c0c9,20,4000,1000,0,0,2,2,60 HP Motor,640,1.0.1,,30,1,0,1,1,1,0,1,1,2025-01-20 17:50:46.000,49.2778532333,-122.885862003,-20,2,0,5,0,1,25,1,305c1fdc-f04f-4d58-93aa-cc5eea9e4f9f,900,1,0,0,3600,0,0,60 HP Motor in Laydown Yard,0,0,0
E9700B30C7D7,BTAT0082,b1a7a54e-fd59-ec11-8f8e-000d3a09c7d0,30,7500,500,0,600,2,2,BTAT0082,960,1.0.5,351249951927779,85,0,0,1,1,1,1,1,1,2024-10-28 13:47:01.000,,,-40,2,0,5,0,1,,1,b5f34ea9-da8a-ed11-81ad-002248d51dac,600,0,0,0,0,0,0,,0,100,0
EB42E6DC96C0,MA1-01318,55a0919b-3a7c-ef11-ac20-0022483c4e5c,55,15000,1000,0,3600,2,2,HP01- Compressor,1760,1.0.1,351249951928009,85,1,1,1,0,1,1,1,1,2025-02-11 19:37:46.000,49.2818732682,-123.12954558,-40,2,0,5,0,1,15,1,2527DD52-F661-42B9-A391-F6042DDAB716,1200,0,0,0,3600,0,0,,0,0,0
EB7561C03CCC,BTAT0056,b1a7a54e-fd59-ec11-8f8e-000d3a09c7d0,15,4000,1000,0,0,3,2,BTAT0056,480,1.0.6,351249951983574,85,1,0,0,0,1,1,0,0,2025-01-29 22:51:56.000,48.36,-123.5,-20,2,0,5,0,1,,1,b5f34ea9-da8a-ed11-81ad-002248d51dac,120,1,0,1,3600,0,0,,0,100,0
EE0CF8924BC5,MA1-00012,85a8fb3b-d064-eb11-a812-000d3a09c0c9,20,1000,250,0,0,2,2,MA1-00012_FW v1.0.8,640,1.0.801,351249952210274,85,1,1,1,0,1,1,1,1,2025-02-11 19:42:50.000,49.2858065,-123.1226937,-40,2,0,5,0,1,16,1,b7606a7c-a3bb-4f25-af37-6ce00d49cbd0,120,1,0,1,3600,1,10000,,0,0,0
EFB98A65A6D3,BTAT0042,b1a7a54e-fd59-ec11-8f8e-000d3a09c7d0,25,15000,1000,0,300,2,2,BTAT0042_Display,800,1.0.1,351249951965613,25,1,1,1,1,1,0,1,1,2025-02-11 02:07:33.000,49.2849420572,-123.121250489,3,2,1,5,0,1,17,1,f6e686db-d045-4790-9f54-1aa686fad426,1200,1,0,0,3600,0,0,test,0,100,0
F12F8AE6A4D4,BTAT0032,b1a7a54e-fd59-ec11-8f8e-000d3a09c7d0,20,15000,1000,0,120,2,2,BTAT0032,640,1.0.801,351249951965613,85,0,0,0,1,1,1,0,1,2025-02-10 22:09:16.000,49.2850420572,-123.125250489,-40,2,0,5,0,1,14,1,f6e686db-d045-4790-9f54-1aa686fad426,600,1,0,0,3600,0,0,,0,100,0
F8375DC16DCF,MA1-01323,85a8fb3b-d064-eb11-a812-000d3a09c0c9,25,4000,1000,0,0,2,2,Virgilios Sensor 2,800,1.0.6,351249951924610,20,1,0,1,1,1,1,1,0,2025-01-11 22:44:01.000,54.0971384516,-116.616154011,-17,2,1,5,0,1,25,1,7ee16989-d9bf-40df-9d9e-696209cf11a9,900,1,0,0,3600,0,0,,0,0,0
FC3CDCC1A7F1,MA1-00387,85a8fb3b-d064-eb11-a812-000d3a09c0c9,30,15000,1000,0,1800,2,2,MA1-00387,960,1.0.1,351249951902152,85,1,1,0,1,1,1,0,0,2025-02-11 19:44:12.000,53.481461308744,-113.484343262214,-40,2,0,5,0,1,25,1,cd2ff6b5-f5c9-473a-9ce1-7dfe68538fc3,0,0,0,0,3600,0,0,,0,0,0
JAMES2BLUETOOTH1,MA1-JAMESFAKE1,b1a7a54e-fd59-ec11-8f8e-000d3a09c7d0,20,15400,1000,1,1800,2,3.7,Sensor 1,640,1.0.1,351249951965555,85,1,0,1,0,1,1,1,1,,49.31063,-123.1056,-20,3,0,50,1,1,25,1,8ecdde6d-d4ef-47db-bf21-8768267465bd,600,1,0,0,0,0,0,1.23111111111111E+099,0,100,0
JAMES2BLUETOOTH11,MA1-JAMESFAKE11,b1a7a54e-fd59-ec11-8f8e-000d3a09c7d0,35,15400,1000,1,1800,2,3.7,Sensor 11,100,1.0.1,351249951965555,85,1,0,1,0,1,1,1,1,,49.41063,-123.0056,-20,3,0,50,1,1,25,1,8ecdde6d-d4ef-47db-bf21-8768267465bd,600,0,0,0,0,0,0,,0,100,0
JAMES2BLUETOOTH12,MA1-JAMESFAKE12,b1a7a54e-fd59-ec11-8f8e-000d3a09c7d0,35,15400,1000,1,1800,2,3.7,Sensor 12,100,1.0.1,351249951965555,85,1,0,1,0,1,1,1,1,,49.42063,-122.9956,-20,3,0,50,1,1,25,1,8ecdde6d-d4ef-47db-bf21-8768267465bd,600,0,0,0,0,0,0,,0,100,0
JAMES2BLUETOOTH14,MA1-JAMESFAKE14,b1a7a54e-fd59-ec11-8f8e-000d3a09c7d0,35,15400,1000,1,1800,2,3.7,Sensor 14,100,1.0.1,351249951965555,85,1,0,1,0,1,1,1,1,,49.44063,-122.9756,-20,3,0,50,1,1,25,1,8ecdde6d-d4ef-47db-bf21-8768267465bd,600,0,0,0,0,0,0,,0,100,0
JAMES2BLUETOOTH15,MA1-JAMESFAKE15,b1a7a54e-fd59-ec11-8f8e-000d3a09c7d0,35,15400,1000,1,1800,2,3.7,Sensor 15,100,1.0.1,351249951965555,85,1,0,1,0,1,1,1,1,,49.45063,-122.9656,-20,3,0,50,1,1,25,1,8ecdde6d-d4ef-47db-bf21-8768267465bd,600,0,0,0,0,0,0,,0,100,0
JAMES2BLUETOOTH16,MA1-JAMESFAKE16,b1a7a54e-fd59-ec11-8f8e-000d3a09c7d0,35,15400,1000,1,1800,2,3.7,Sensor 16,100,1.0.1,351249951965555,85,1,0,1,0,1,1,1,1,,49.46063,-122.9556,-20,3,0,50,1,1,25,1,8ecdde6d-d4ef-47db-bf21-8768267465bd,600,0,0,0,0,0,0,,0,100,0
JAMES2BLUETOOTH17,MA1-JAMESFAKE17,b1a7a54e-fd59-ec11-8f8e-000d3a09c7d0,35,15400,1000,1,1800,2,3.7,Sensor 17,100,1.0.1,351249951965555,85,1,0,1,0,1,1,1,1,,49.47063,-122.9456,-20,3,0,50,1,1,25,1,8ecdde6d-d4ef-47db-bf21-8768267465bd,600,0,0,0,0,0,0,,0,100,0
JAMES2BLUETOOTH18,MA1-JAMESFAKE18,b1a7a54e-fd59-ec11-8f8e-000d3a09c7d0,35,15400,1000,1,1800,2,3.7,Sensor 18,100,1.0.1,351249951965555,85,1,0,1,0,1,1,1,1,,49.48063,-122.9356,-20,3,0,50,1,1,25,1,8ecdde6d-d4ef-47db-bf21-8768267465bd,600,0,0,0,0,0,0,,0,100,0
JAMES2BLUETOOTH19,MA1-JAMESFAKE19,b1a7a54e-fd59-ec11-8f8e-000d3a09c7d0,35,15400,1000,1,1800,2,3.7,Sensor 19,100,1.0.1,351249951965555,85,1,0,1,0,1,1,1,1,,49.49063,-122.9256,-20,3,0,50,1,1,25,1,8ecdde6d-d4ef-47db-bf21-8768267465bd,600,0,0,0,0,0,0,,0,100,0
JAMES2BLUETOOTH2,MA1-JAMESFAKE2,b1a7a54e-fd59-ec11-8f8e-000d3a09c7d0,35,15400,1000,1,1800,2,3.7,Sensor 2,100,1.0.1,351249951965555,85,1,0,1,0,1,1,1,1,,49.32063,-123.0956,-20,3,0,50,1,1,25,1,8ecdde6d-d4ef-47db-bf21-8768267465bd,600,0,0,0,0,0,0,,0,100,0
JAMES2BLUETOOTH20,MA1-JAMESFAKE20,b1a7a54e-fd59-ec11-8f8e-000d3a09c7d0,35,15400,1000,1,1800,2,3.7,Sensor 20,100,1.0.1,351249951965555,85,1,0,1,0,1,1,1,1,,49.50063,-122.9156,-20,3,0,50,1,1,25,1,8ecdde6d-d4ef-47db-bf21-8768267465bd,600,0,0,0,0,0,0,,0,100,0
JAMES2BLUETOOTH21,MA1-JAMESFAKE21,b1a7a54e-fd59-ec11-8f8e-000d3a09c7d0,35,15400,1000,1,1800,2,3.7,Sensor 21,100,1.0.1,351249951965555,85,1,0,1,0,1,1,1,1,,49.51063,-122.9056,-20,3,0,50,1,1,25,1,8ecdde6d-d4ef-47db-bf21-8768267465bd,600,0,0,0,0,0,0,,0,100,0
JAMES2BLUETOOTH22,MA1-JAMESFAKE22,b1a7a54e-fd59-ec11-8f8e-000d3a09c7d0,35,15400,1000,1,1800,2,3.7,Sensor 22,100,1.0.1,351249951965555,85,1,0,1,0,1,1,1,1,,49.52063,-122.8956,-20,3,0,50,1,1,25,1,8ecdde6d-d4ef-47db-bf21-8768267465bd,600,0,0,0,0,0,0,,0,100,0
JAMES2BLUETOOTH23,MA1-JAMESFAKE23,b1a7a54e-fd59-ec11-8f8e-000d3a09c7d0,35,15400,1000,1,1800,2,3.7,Sensor 23,100,1.0.1,351249951965555,85,1,0,1,0,1,1,1,1,,49.53063,-122.8856,-20,3,0,50,1,1,25,1,8ecdde6d-d4ef-47db-bf21-8768267465bd,600,0,0,0,0,0,0,,0,100,0
JAMES2BLUETOOTH24,MA1-JAMESFAKE24,b1a7a54e-fd59-ec11-8f8e-000d3a09c7d0,35,15400,1000,1,1800,2,3.7,Sensor 24,100,1.0.1,351249951965555,85,1,0,1,0,1,1,1,1,,49.54063,-122.8756,-20,3,0,50,1,1,25,1,8ecdde6d-d4ef-47db-bf21-8768267465bd,600,0,0,0,0,0,0,,0,100,0
JAMES2BLUETOOTH25,MA1-JAMESFAKE25,b1a7a54e-fd59-ec11-8f8e-000d3a09c7d0,35,15400,1000,1,1800,2,3.7,Sensor 25,100,1.0.1,351249951965555,85,1,0,1,0,1,1,1,1,,49.55063,-122.8656,-20,3,0,50,1,1,25,1,8ecdde6d-d4ef-47db-bf21-8768267465bd,600,0,0,0,0,0,0,,0,100,0
JAMES2BLUETOOTH26,MA1-JAMESFAKE26,b1a7a54e-fd59-ec11-8f8e-000d3a09c7d0,30,15400,1000,1,1800,2,3.7,Sensor 26,960,1.0.1,351249951965555,85,1,0,1,0,0,1,1,1,,49.56063,-122.8556,-20,3,0,50,1,1,25,1,8ecdde6d-d4ef-47db-bf21-8768267465bd,600,0,0,0,0,0,0,,0,100,0
JAMES2BLUETOOTH27,MA1-JAMESFAKE27,b1a7a54e-fd59-ec11-8f8e-000d3a09c7d0,35,15400,1000,1,1800,2,3.7,Sensor 27,100,1.0.1,351249951965555,85,1,0,1,0,1,1,1,1,,49.57063,-122.8456,-20,3,0,50,1,1,25,1,8ecdde6d-d4ef-47db-bf21-8768267465bd,600,0,0,0,0,0,0,,0,100,0
JAMES2BLUETOOTH28,MA1-JAMESFAKE28,b1a7a54e-fd59-ec11-8f8e-000d3a09c7d0,30,15400,1000,1,1800,2,3.7,Sensor 28,960,1.0.1,351249951965555,85,1,0,1,0,0,1,1,1,,49.58063,-122.8356,-20,3,0,50,1,1,25,1,8ecdde6d-d4ef-47db-bf21-8768267465bd,600,1,0,0,0,0,0,,0,100,0
JAMES2BLUETOOTH29,MA1-JAMESFAKE29,b1a7a54e-fd59-ec11-8f8e-000d3a09c7d0,35,15400,1000,1,1800,2,3.7,Sensor 29,100,1.0.1,351249951965555,85,1,0,1,0,1,1,1,1,,49.59063,-122.8256,-20,3,0,50,1,1,25,1,8ecdde6d-d4ef-47db-bf21-8768267465bd,600,0,0,0,0,0,0,,0,100,0
JAMES2BLUETOOTH3,MA1-JAMESFAKE3,b1a7a54e-fd59-ec11-8f8e-000d3a09c7d0,35,15400,1000,1,1800,2,3.7,Sensor 3,100,1.0.1,351249951965555,85,1,0,1,0,1,1,1,1,,49.33063,-123.0856,-20,3,0,50,1,1,25,1,8ecdde6d-d4ef-47db-bf21-8768267465bd,600,0,0,0,0,0,0,,0,100,0
JAMES2BLUETOOTH30,MA1-JAMESFAKE30,b1a7a54e-fd59-ec11-8f8e-000d3a09c7d0,30,15400,1000,1,1800,2,3.7,Sensor 30,960,1.0.1,351249951965555,85,1,0,1,0,0,0,1,1,,49.60063,-122.8156,-20,3,0,50,1,1,25,1,8ecdde6d-d4ef-47db-bf21-8768267465bd,600,0,0,0,0,0,0,,0,100,0
JAMES2BLUETOOTH31,MA1-JAMESFAKE31,b1a7a54e-fd59-ec11-8f8e-000d3a09c7d0,35,15400,1000,1,1800,2,3.7,Sensor 31,100,1.0.1,351249951965555,85,1,0,1,0,1,1,1,1,,49.61063,-122.8056,-20,3,0,50,1,1,25,1,8ecdde6d-d4ef-47db-bf21-8768267465bd,600,0,0,0,0,0,0,,0,100,0
JAMES2BLUETOOTH32,MA1-JAMESFAKE32,b1a7a54e-fd59-ec11-8f8e-000d3a09c7d0,35,15400,1000,1,1800,2,3.7,Sensor 32,100,1.0.1,351249951965555,85,1,0,1,0,1,1,1,1,,49.62063,-122.7956,-20,3,0,50,1,1,25,1,8ecdde6d-d4ef-47db-bf21-8768267465bd,600,0,0,0,0,0,0,,0,100,0
JAMES2BLUETOOTH33,MA1-JAMESFAKE33,b1a7a54e-fd59-ec11-8f8e-000d3a09c7d0,30,15400,1000,1,1800,2,3.7,Sensor 33,960,1.0.1,351249951965555,77,1,0,1,0,0,1,1,1,,49.63063,-122.7856,-10,3,0,50,1,1,25,1,8ecdde6d-d4ef-47db-bf21-8768267465bd,600,1,0,0,0,0,0,,0,100,0
JAMES2BLUETOOTH34,MA1-JAMESFAKE34,b1a7a54e-fd59-ec11-8f8e-000d3a09c7d0,35,15400,1000,1,1800,2,3.7,Sensor 34,100,1.0.5,351249951965555,85,1,0,1,0,1,1,1,1,,49.64063,-122.7756,-20,3,0,50,1,1,25,1,8ecdde6d-d4ef-47db-bf21-8768267465bd,600,0,0,0,0,0,0,,0,100,0
JAMES2BLUETOOTH35,MA1-JAMESFAKE35,b1a7a54e-fd59-ec11-8f8e-000d3a09c7d0,30,15400,1000,1,1800,2,3.7,Sensor 35,960,1.0.5,351249951965555,85,1,1,1,0,1,1,1,1,,49.65063,-122.7656,-20,3,0,50,1,1,25,1,8ecdde6d-d4ef-47db-bf21-8768267465bd,600,0,0,0,0,0,0,,0,100,0
JAMES2BLUETOOTH36,MA1-JAMESFAKE36,b1a7a54e-fd59-ec11-8f8e-000d3a09c7d0,30,15400,1000,1,1800,2,3.7,Sensor 36,960,1.0.5,351249951965555,40,1,0,1,0,1,0,1,1,,49.66063,-122.7556,-10,3,0,50,1,1,25,1,8ecdde6d-d4ef-47db-bf21-8768267465bd,600,0,0,0,0,1,2,Test2a,0,100,0
JAMES2BLUETOOTH37,MA1-JAMESFAKE37,b1a7a54e-fd59-ec11-8f8e-000d3a09c7d0,30,15400,1000,1,1800,2,3.7,Sensor 37,960,1.0.5,351249951965555,85,1,0,1,0,1,1,1,0,,49.67063,-122.7456,-15,3,0,50,1,1,15,1,8ecdde6d-d4ef-47db-bf21-8768267465bd,600,1,0,0,0,1,11,111111111,0,100,0
JAMES2BLUETOOTH38,MA1-JAMESFAKE38,b1a7a54e-fd59-ec11-8f8e-000d3a09c7d0,30,15400,1000,1,1800,2,3.7,Sensor 38,960,1.0.5,351249951965555,70,1,0,1,0,1,0,1,1,,49.68063,-122.7356,0,3,0,50,1,1,25,1,8ecdde6d-d4ef-47db-bf21-8768267465bd,600,1,0,0,0,0,0,123,0,100,0
JAMES2BLUETOOTH39,MA1-JAMESFAKE39,b1a7a54e-fd59-ec11-8f8e-000d3a09c7d0,30,15395,1003,1,1800,2,3.7,Sensor 39,960,1.0.5,351249951965555,81,1,0,0,1,0,0,0,1,,49.6906311,-122.7256,-20,3,0,50,1,1,17,1,8ecdde6d-d4ef-47db-bf21-8768267465bd,600,1,0,0,0,0,0,,0,100,0
JAMES2BLUETOOTH4,MA1-JAMESFAKE4,b1a7a54e-fd59-ec11-8f8e-000d3a09c7d0,35,15400,1000,1,1800,2,3.7,Sensor 4,100,1.0.5,351249951965555,85,1,0,1,0,1,1,1,1,,49.34063,-123.0756,-20,3,0,50,1,1,25,1,8ecdde6d-d4ef-47db-bf21-8768267465bd,600,0,0,0,0,0,0,,0,100,0
JAMES2BLUETOOTH40,MA1-JAMESFAKE40,b1a7a54e-fd59-ec11-8f8e-000d3a09c7d0,35,15400,1000,1,1800,2,3.7,Sensor 40,100,1.0.5,351249951965555,85,1,0,1,0,1,1,1,1,,49.70063,-122.7156,-20,3,0,50,1,1,25,1,8ecdde6d-d4ef-47db-bf21-8768267465bd,600,0,0,0,0,0,0,,0,100,0
JAMES2BLUETOOTH41,MA1-JAMESFAKE41,b1a7a54e-fd59-ec11-8f8e-000d3a09c7d0,30,15400,1000,1,1800,2,3.7,Sensor 41,960,1.0.1,351249951965555,85,1,0,1,0,0,1,1,1,,49.71063,-122.7056,-20,3,0,50,1,1,18,1,8ecdde6d-d4ef-47db-bf21-8768267465bd,600,1,0,0,0,0,0,,0,100,0
JAMES2BLUETOOTH42,MA1-JAMESFAKE42,b1a7a54e-fd59-ec11-8f8e-000d3a09c7d0,35,15400,1000,1,1800,2,3.7,Sensor 42,100,1.0.1,351249951965555,85,1,0,1,0,1,1,1,1,,49.72063,-122.6956,-20,3,0,50,1,1,25,1,8ecdde6d-d4ef-47db-bf21-8768267465bd,600,0,0,0,0,0,0,,0,100,0
JAMES2BLUETOOTH43,MA1-JAMESFAKE43,b1a7a54e-fd59-ec11-8f8e-000d3a09c7d0,35,15400,1000,1,1800,2,3.7,Sensor 43,100,1.0.1,351249951965555,85,1,0,1,0,1,1,1,1,,49.73063,-122.6856,-20,3,0,50,1,1,25,1,8ecdde6d-d4ef-47db-bf21-8768267465bd,600,0,0,0,0,0,0,,0,100,0
JAMES2BLUETOOTH44,MA1-JAMESFAKE44,b1a7a54e-fd59-ec11-8f8e-000d3a09c7d0,30,15400,1000,1,1800,2,3.7,Sensor 44,960,,351249951965555,85,1,0,1,0,0,1,1,1,,49.74063,-122.6756,-20,3,0,50,1,1,25,1,8ecdde6d-d4ef-47db-bf21-8768267465bd,600,1,0,0,0,0,0,,0,100,0
JAMES2BLUETOOTH45,MA1-JAMESFAKE45,b1a7a54e-fd59-ec11-8f8e-000d3a09c7d0,30,15400,1000,1,1800,2,3.7,Sensor 45,960,,351249951965555,85,1,0,1,0,0,1,1,1,,49.75063,-122.6656,-20,3,0,50,1,1,18,1,8ecdde6d-d4ef-47db-bf21-8768267465bd,600,1,0,0,0,0,0,,0,100,0
JAMES2BLUETOOTH46,MA1-JAMESFAKE46,b1a7a54e-fd59-ec11-8f8e-000d3a09c7d0,35,15400,1000,1,1800,2,3.7,Sensor 46,100,1.0.1,351249951965555,85,1,0,1,0,1,1,1,1,,49.76063,-122.6556,-20,3,0,50,1,1,25,1,8ecdde6d-d4ef-47db-bf21-8768267465bd,600,0,0,0,0,0,0,,0,100,0
JAMES2BLUETOOTH47,MA1-JAMESFAKE47,b1a7a54e-fd59-ec11-8f8e-000d3a09c7d0,35,15400,1000,1,1800,2,3.7,Sensor 47,100,1.0.1,351249951965555,85,1,0,1,0,1,1,1,1,,49.77063,-122.6456,-20,3,0,50,1,1,25,1,8ecdde6d-d4ef-47db-bf21-8768267465bd,600,0,0,0,0,0,0,,0,100,0
JAMES2BLUETOOTH48,MA1-JAMESFAKE48,b1a7a54e-fd59-ec11-8f8e-000d3a09c7d0,35,15400,1000,1,1800,2,3.7,Sensor 48,100,1.0.1,351249951965555,85,1,0,1,0,1,1,1,1,,49.78063,-122.6356,-20,3,0,50,1,1,25,1,8ecdde6d-d4ef-47db-bf21-8768267465bd,600,0,0,0,0,0,0,,0,100,0
JAMES2BLUETOOTH49,MA1-JAMESFAKE49,b1a7a54e-fd59-ec11-8f8e-000d3a09c7d0,35,15400,1000,1,1800,2,3.7,Sensor 49,100,1.0.1,351249951965555,85,1,0,1,0,1,1,1,1,,49.79063,-122.6256,-20,3,0,50,1,1,25,1,8ecdde6d-d4ef-47db-bf21-8768267465bd,600,0,0,0,0,0,0,,0,100,0
JAMES2BLUETOOTH5,MA1-JAMESFAKE5,b1a7a54e-fd59-ec11-8f8e-000d3a09c7d0,35,15400,1000,1,1800,2,3.7,Sensor 5,100,1.0.1,351249951965555,85,1,0,1,0,1,1,1,1,,49.35063,-123.0656,-20,3,0,50,1,1,25,1,8ecdde6d-d4ef-47db-bf21-8768267465bd,600,0,0,0,0,0,0,,0,100,0
JAMES2BLUETOOTH50,MA1-JAMESFAKE50,b1a7a54e-fd59-ec11-8f8e-000d3a09c7d0,35,15400,1000,1,1800,2,3.7,Sensor 50,100,1.0.1,351249951965555,85,1,0,1,0,1,1,1,1,,49.80063,-122.6156,-20,3,0,50,1,1,25,1,8ecdde6d-d4ef-47db-bf21-8768267465bd,600,0,0,0,0,0,0,,0,100,0
JAMES2BLUETOOTH6,MA1-JAMESFAKE6,b1a7a54e-fd59-ec11-8f8e-000d3a09c7d0,35,15400,1000,1,1800,2,3.7,Sensor 6,100,1.0.1,351249951965555,85,1,0,1,0,1,1,1,1,,49.36063,-123.0556,-20,3,0,50,1,1,25,1,8ecdde6d-d4ef-47db-bf21-8768267465bd,600,0,0,0,0,0,0,,0,100,0
JAMES2BLUETOOTH7,MA1-JAMESFAKE7,b1a7a54e-fd59-ec11-8f8e-000d3a09c7d0,35,15400,1000,1,1800,2,3.7,Sensor 7,100,1.0.1,351249951965555,85,1,0,1,0,1,1,1,1,,49.37063,-123.0456,-20,3,0,50,1,1,25,1,8ecdde6d-d4ef-47db-bf21-8768267465bd,600,0,0,0,0,0,0,,0,100,0
JAMES2BLUETOOTH8,MA1-JAMESFAKE8,b1a7a54e-fd59-ec11-8f8e-000d3a09c7d0,30,15400,1000,1,1800,2,3.7,Sensor 8,960,1.0.1,351249951965555,85,1,0,1,0,0,1,1,1,,49.38063,-123.0356,-20,3,0,50,1,1,25,1,8ecdde6d-d4ef-47db-bf21-8768267465bd,600,0,0,0,0,0,0,,0,100,0
JAMES2BLUETOOTH9,MA1-JAMESFAKE9,b1a7a54e-fd59-ec11-8f8e-000d3a09c7d0,30,15400,1000,1,1800,2,3.7,Sensor 9,960,1.0.1,351249951965555,85,1,0,1,0,1,1,1,1,,49.39063,-123.0256,-20,3,0,50,1,1,25,1,8ecdde6d-d4ef-47db-bf21-8768267465bd,600,0,0,0,0,0,0,,0,100,0
JAMESBLUETOOTH1,MA1-FAKE1,b1a7a54e-fd59-ec11-8f8e-000d3a09c7d0,35,15400,1000,1,1800,2,3.7,Sensor 1,100,1.0.1,351249951965555,85,1,0,1,0,1,1,1,1,,49.31063,-123.1056,-20,3,0,50,1,1,25,1,b22ec7e5-036b-4303-b2e0-fc7fef238668,600,0,0,0,0,0,0,,0,100,0
JAMESBLUETOOTH10,MA1-FAKE10,b1a7a54e-fd59-ec11-8f8e-000d3a09c7d0,35,15400,1000,1,1800,2,3.7,Sensor 10,100,1.0.1,351249951965555,85,1,0,1,0,1,1,1,1,,49.40063,-123.0156,-20,3,0,50,1,1,25,1,b22ec7e5-036b-4303-b2e0-fc7fef238668,600,0,0,0,0,0,0,,0,100,0
JAMESBLUETOOTH11,MA1-FAKE11,b1a7a54e-fd59-ec11-8f8e-000d3a09c7d0,35,15400,1000,1,1800,2,3.7,Sensor 11,100,1.0.1,351249951965555,85,1,0,1,0,1,1,1,1,,49.41063,-123.0056,-20,3,0,50,1,1,25,1,b22ec7e5-036b-4303-b2e0-fc7fef238668,600,0,0,0,0,0,0,,0,100,0
JAMESBLUETOOTH12,MA1-FAKE12,b1a7a54e-fd59-ec11-8f8e-000d3a09c7d0,35,15400,1000,1,1800,2,3.7,Sensor 12,100,1.0.1,351249951965555,85,1,0,1,0,1,1,1,1,,49.42063,-122.9956,-20,3,0,50,1,1,25,1,b22ec7e5-036b-4303-b2e0-fc7fef238668,600,0,0,0,0,0,0,,0,100,0
JAMESBLUETOOTH13,MA1-FAKE13,b1a7a54e-fd59-ec11-8f8e-000d3a09c7d0,35,15400,1000,1,1800,2,3.7,Sensor 13,100,1.0.1,351249951965555,85,1,0,1,0,1,1,1,1,,49.43063,-122.9856,-20,3,0,50,1,1,25,1,b22ec7e5-036b-4303-b2e0-fc7fef238668,600,0,0,0,0,0,0,,0,100,0
JAMESBLUETOOTH14,MA1-FAKE14,b1a7a54e-fd59-ec11-8f8e-000d3a09c7d0,35,15400,1000,1,1800,2,3.7,Sensor 14,100,1.0.1,351249951965555,85,1,0,1,0,1,1,1,1,,49.44063,-122.9756,-20,3,0,50,1,1,25,1,b22ec7e5-036b-4303-b2e0-fc7fef238668,600,0,0,0,0,0,0,,0,100,0
JAMESBLUETOOTH15,MA1-FAKE15,b1a7a54e-fd59-ec11-8f8e-000d3a09c7d0,35,15400,1000,1,1800,2,3.7,Sensor 15,100,1.0.1,351249951965555,85,1,0,1,0,1,1,1,1,,49.45063,-122.9656,-20,3,0,50,1,1,25,1,b22ec7e5-036b-4303-b2e0-fc7fef238668,600,0,0,0,0,0,0,,0,100,0
JAMESBLUETOOTH16,MA1-FAKE16,b1a7a54e-fd59-ec11-8f8e-000d3a09c7d0,35,15400,1000,1,1800,2,3.7,Sensor 16,100,1.0.1,351249951965555,85,1,0,1,0,1,1,1,1,,49.46063,-122.9556,-20,3,0,50,1,1,25,1,b22ec7e5-036b-4303-b2e0-fc7fef238668,600,0,0,0,0,0,0,,0,100,0
JAMESBLUETOOTH17,MA1-FAKE17,b1a7a54e-fd59-ec11-8f8e-000d3a09c7d0,35,15400,1000,1,1800,2,3.7,Sensor 17,100,1.0.1,351249951965555,85,1,0,1,0,1,1,1,1,,49.47063,-122.9456,-20,3,0,50,1,1,25,1,b22ec7e5-036b-4303-b2e0-fc7fef238668,600,0,0,0,0,0,0,,0,100,0
JAMESBLUETOOTH18,MA1-FAKE18,b1a7a54e-fd59-ec11-8f8e-000d3a09c7d0,35,15400,1000,1,1800,2,3.7,Sensor 18,100,1.0.1,351249951965555,85,1,0,1,0,1,1,1,1,,49.48063,-122.9356,-20,3,0,50,1,1,25,1,b22ec7e5-036b-4303-b2e0-fc7fef238668,600,0,0,0,0,0,0,,0,100,0
JAMESBLUETOOTH19,MA1-FAKE19,b1a7a54e-fd59-ec11-8f8e-000d3a09c7d0,35,15400,1000,1,1800,2,3.7,Sensor 19,100,1.0.1,351249951965555,85,1,0,1,0,1,1,1,1,,49.49063,-122.9256,-20,3,0,50,1,1,25,1,b22ec7e5-036b-4303-b2e0-fc7fef238668,600,0,0,0,0,0,0,,0,100,0
JAMESBLUETOOTH2,MA1-FAKE2,b1a7a54e-fd59-ec11-8f8e-000d3a09c7d0,35,15400,1000,1,1800,2,3.7,Sensor 2,100,1.0.1,351249951965555,85,1,0,1,0,1,1,1,1,,49.32063,-123.0956,-20,3,0,50,1,1,25,1,b22ec7e5-036b-4303-b2e0-fc7fef238668,600,0,0,0,0,0,0,,0,100,0
JAMESBLUETOOTH20,MA1-FAKE20,b1a7a54e-fd59-ec11-8f8e-000d3a09c7d0,35,15400,1000,1,1800,2,3.7,Sensor 20,100,1.0.1,351249951965555,85,1,0,1,0,1,1,1,1,,49.50063,-122.9156,-20,3,0,50,1,1,25,1,b22ec7e5-036b-4303-b2e0-fc7fef238668,600,0,0,0,0,0,0,,0,100,0
JAMESBLUETOOTH21,MA1-FAKE21,b1a7a54e-fd59-ec11-8f8e-000d3a09c7d0,35,15400,1000,1,1800,2,3.7,Sensor 21,100,1.0.1,351249951965555,85,1,0,1,0,1,1,1,1,,49.51063,-122.9056,-20,3,0,50,1,1,25,1,b22ec7e5-036b-4303-b2e0-fc7fef238668,600,0,0,0,0,0,0,,0,100,0
JAMESBLUETOOTH22,MA1-FAKE22,b1a7a54e-fd59-ec11-8f8e-000d3a09c7d0,35,15400,1000,1,1800,2,3.7,Sensor 22,100,1.0.1,351249951965555,85,1,0,1,0,1,1,1,1,,49.52063,-122.8956,-20,3,0,50,1,1,25,1,b22ec7e5-036b-4303-b2e0-fc7fef238668,600,0,0,0,0,0,0,,0,100,0
JAMESBLUETOOTH23,MA1-FAKE23,b1a7a54e-fd59-ec11-8f8e-000d3a09c7d0,35,15400,1000,1,1800,2,3.7,Sensor 23,100,1.0.1,351249951965555,85,1,0,1,0,1,1,1,1,,49.53063,-122.8856,-20,3,0,50,1,1,25,1,b22ec7e5-036b-4303-b2e0-fc7fef238668,600,0,0,0,0,0,0,,0,100,0
JAMESBLUETOOTH24,MA1-FAKE24,b1a7a54e-fd59-ec11-8f8e-000d3a09c7d0,30,15400,1000,1,1800,2,3.7,Sensor 24,960,1.0.1,351249951965555,85,1,0,1,0,0,1,1,1,,49.54063,-122.8756,-20,3,0,50,1,1,25,1,b22ec7e5-036b-4303-b2e0-fc7fef238668,600,0,0,0,0,0,0,,0,100,0
JAMESBLUETOOTH25,MA1-FAKE25,b1a7a54e-fd59-ec11-8f8e-000d3a09c7d0,35,15400,1000,1,1800,2,3.7,Sensor 25,100,1.0.1,351249951965555,85,1,0,1,0,1,1,1,1,,49.55063,-122.8656,-20,3,0,50,1,1,25,1,b22ec7e5-036b-4303-b2e0-fc7fef238668,600,0,0,0,0,0,0,,0,100,0
JAMESBLUETOOTH26,MA1-FAKE26,b1a7a54e-fd59-ec11-8f8e-000d3a09c7d0,35,15400,1000,1,1800,2,3.7,Sensor 26,100,1.0.1,351249951965555,85,1,0,1,0,1,1,1,1,,49.56063,-122.8556,-20,3,0,50,1,1,25,1,b22ec7e5-036b-4303-b2e0-fc7fef238668,600,0,0,0,0,0,0,,0,100,0
JAMESBLUETOOTH27,MA1-FAKE27,b1a7a54e-fd59-ec11-8f8e-000d3a09c7d0,35,15400,1000,1,1800,2,3.7,Sensor 27,100,1.0.1,351249951965555,85,1,0,1,0,1,1,1,1,,49.57063,-122.8456,-20,3,0,50,1,1,25,1,b22ec7e5-036b-4303-b2e0-fc7fef238668,600,0,0,0,0,0,0,,0,100,0
JAMESBLUETOOTH28,MA1-FAKE28,b1a7a54e-fd59-ec11-8f8e-000d3a09c7d0,35,15400,1000,1,1800,2,3.7,Sensor 28,100,1.0.1,351249951965555,85,1,0,1,0,1,1,1,1,,49.58063,-122.8356,-20,3,0,50,1,1,25,1,b22ec7e5-036b-4303-b2e0-fc7fef238668,600,0,0,0,0,0,0,,0,100,0
JAMESBLUETOOTH29,MA1-FAKE29,b1a7a54e-fd59-ec11-8f8e-000d3a09c7d0,35,15400,1000,1,1800,2,3.7,Sensor 29,100,1.0.1,351249951965555,85,1,0,1,0,1,1,1,1,,49.59063,-122.8256,-20,3,0,50,1,1,25,1,b22ec7e5-036b-4303-b2e0-fc7fef238668,600,0,0,0,0,0,0,,0,100,0
JAMESBLUETOOTH3,MA1-FAKE3,b1a7a54e-fd59-ec11-8f8e-000d3a09c7d0,35,15400,1000,1,1800,2,3.7,Sensor 3,100,1.0.1,351249951965555,85,1,0,1,0,1,1,1,1,,49.33063,-123.0856,-20,3,0,50,1,1,25,1,b22ec7e5-036b-4303-b2e0-fc7fef238668,600,0,0,0,0,0,0,,0,100,0
JAMESBLUETOOTH30,MA1-FAKE30,b1a7a54e-fd59-ec11-8f8e-000d3a09c7d0,35,15400,1000,1,1800,2,3.7,Sensor 30,100,1.0.1,351249951965555,85,1,0,1,0,1,1,1,1,,49.60063,-122.8156,-20,3,0,50,1,1,25,1,b22ec7e5-036b-4303-b2e0-fc7fef238668,600,0,0,0,0,0,0,,0,100,0
JAMESBLUETOOTH31,MA1-FAKE31,b1a7a54e-fd59-ec11-8f8e-000d3a09c7d0,35,15400,1000,1,1800,2,3.7,Sensor 31,100,1.0.1,351249951965555,85,1,0,1,0,1,1,1,1,,49.61063,-122.8056,-20,3,0,50,1,1,25,1,b22ec7e5-036b-4303-b2e0-fc7fef238668,600,0,0,0,0,0,0,,0,100,0
JAMESBLUETOOTH32,MA1-FAKE32,b1a7a54e-fd59-ec11-8f8e-000d3a09c7d0,35,15400,1000,1,1800,2,3.7,Sensor 32,100,1.0.1,351249951965555,85,1,0,1,0,1,1,1,1,,49.62063,-122.7956,-20,3,0,50,1,1,25,1,b22ec7e5-036b-4303-b2e0-fc7fef238668,600,0,0,0,0,0,0,,0,100,0
JAMESBLUETOOTH33,MA1-FAKE33,b1a7a54e-fd59-ec11-8f8e-000d3a09c7d0,35,15400,1000,1,1800,2,3.7,Sensor 33,100,1.0.1,351249951965555,85,1,0,1,0,1,1,1,1,,49.63063,-122.7856,-20,3,0,50,1,1,25,1,b22ec7e5-036b-4303-b2e0-fc7fef238668,600,0,0,0,0,0,0,,0,100,0
JAMESBLUETOOTH34,MA1-FAKE34,b1a7a54e-fd59-ec11-8f8e-000d3a09c7d0,35,15400,1000,1,1800,2,3.7,Sensor 34,100,1.0.1,351249951965555,85,1,0,1,0,1,1,1,1,,49.64063,-122.7756,-20,3,0,50,1,1,25,1,b22ec7e5-036b-4303-b2e0-fc7fef238668,600,0,0,0,0,0,0,,0,100,0
JAMESBLUETOOTH35,MA1-FAKE35,b1a7a54e-fd59-ec11-8f8e-000d3a09c7d0,35,15400,1000,1,1800,2,3.7,Sensor 35,100,1.0.1,351249951965555,85,1,0,1,0,1,1,1,1,,49.65063,-122.7656,-20,3,0,50,1,1,25,1,b22ec7e5-036b-4303-b2e0-fc7fef238668,600,0,0,0,0,0,0,,0,100,0
JAMESBLUETOOTH36,MA1-FAKE36,b1a7a54e-fd59-ec11-8f8e-000d3a09c7d0,35,15400,1000,1,1800,2,3.7,Sensor 36,100,1.0.1,351249951965555,85,1,0,1,0,1,1,1,1,,49.66063,-122.7556,-20,3,0,50,1,1,25,1,b22ec7e5-036b-4303-b2e0-fc7fef238668,600,0,0,0,0,0,0,,0,100,0
JAMESBLUETOOTH37,MA1-FAKE37,b1a7a54e-fd59-ec11-8f8e-000d3a09c7d0,35,15400,1000,1,1800,2,3.7,Sensor 37,100,1.0.1,351249951965555,85,1,0,1,0,1,1,1,1,,49.67063,-122.7456,-20,3,0,50,1,1,25,1,b22ec7e5-036b-4303-b2e0-fc7fef238668,600,0,0,0,0,0,0,,0,100,0
JAMESBLUETOOTH38,MA1-FAKE38,b1a7a54e-fd59-ec11-8f8e-000d3a09c7d0,35,15400,1000,1,1800,2,3.7,Sensor 38,100,1.0.1,351249951965555,85,1,0,1,0,1,1,1,1,,49.68063,-122.7356,-20,3,0,50,1,1,25,1,b22ec7e5-036b-4303-b2e0-fc7fef238668,600,0,0,0,0,0,0,,0,100,0
JAMESBLUETOOTH39,MA1-FAKE39,b1a7a54e-fd59-ec11-8f8e-000d3a09c7d0,35,15400,1000,1,1800,2,3.7,Sensor 39,100,1.0.1,351249951965555,85,1,0,1,0,1,1,1,1,,49.69063,-122.7256,-20,3,0,50,1,1,25,1,b22ec7e5-036b-4303-b2e0-fc7fef238668,600,0,0,0,0,0,0,,0,100,0
JAMESBLUETOOTH4,MA1-FAKE4,b1a7a54e-fd59-ec11-8f8e-000d3a09c7d0,35,15400,1000,1,1800,2,3.7,Sensor 4,100,1.0.1,351249951965555,85,1,0,1,0,1,1,1,1,,49.34063,-123.0756,-20,3,0,50,1,1,25,1,b22ec7e5-036b-4303-b2e0-fc7fef238668,600,0,0,0,0,0,0,,0,100,0
JAMESBLUETOOTH40,MA1-FAKE40,b1a7a54e-fd59-ec11-8f8e-000d3a09c7d0,35,15400,1000,1,1800,2,3.7,Sensor 40,100,1.0.1,351249951965555,85,1,0,1,0,1,1,1,1,,49.70063,-122.7156,-20,3,0,50,1,1,25,1,b22ec7e5-036b-4303-b2e0-fc7fef238668,600,0,0,0,0,0,0,,0,100,0
JAMESBLUETOOTH41,MA1-FAKE41,b1a7a54e-fd59-ec11-8f8e-000d3a09c7d0,35,15400,1000,1,1800,2,3.7,Sensor 41,100,1.0.1,351249951965555,85,1,0,1,0,1,1,1,1,,49.71063,-122.7056,-20,3,0,50,1,1,25,1,b22ec7e5-036b-4303-b2e0-fc7fef238668,600,0,0,0,0,0,0,,0,100,0
JAMESBLUETOOTH42,MA1-FAKE42,b1a7a54e-fd59-ec11-8f8e-000d3a09c7d0,35,15400,1000,1,1800,2,3.7,Sensor 42,100,1.0.1,351249951965555,85,1,0,1,0,1,1,1,1,,49.72063,-122.6956,-20,3,0,50,1,1,25,1,b22ec7e5-036b-4303-b2e0-fc7fef238668,600,0,0,0,0,0,0,,0,100,0
JAMESBLUETOOTH43,MA1-FAKE43,b1a7a54e-fd59-ec11-8f8e-000d3a09c7d0,35,15400,1000,1,1800,2,3.7,Sensor 43,100,1.0.1,351249951965555,85,1,0,1,0,1,1,1,1,,49.73063,-122.6856,-20,3,0,50,1,1,25,1,b22ec7e5-036b-4303-b2e0-fc7fef238668,600,0,0,0,0,0,0,,0,100,0
JAMESBLUETOOTH44,MA1-FAKE44,b1a7a54e-fd59-ec11-8f8e-000d3a09c7d0,35,15400,1000,1,1800,2,3.7,Sensor 44,100,1.0.1,351249951965555,85,1,0,1,0,1,1,1,1,,49.74063,-122.6756,-20,3,0,50,1,1,25,1,b22ec7e5-036b-4303-b2e0-fc7fef238668,600,0,0,0,0,0,0,,0,100,0
JAMESBLUETOOTH45,MA1-FAKE45,b1a7a54e-fd59-ec11-8f8e-000d3a09c7d0,35,15400,1000,1,1800,2,3.7,Sensor 45,100,1.0.1,351249951965555,85,1,0,1,0,1,1,1,1,,49.75063,-122.6656,-20,3,0,50,1,1,25,1,b22ec7e5-036b-4303-b2e0-fc7fef238668,600,0,0,0,0,0,0,,0,100,0
JAMESBLUETOOTH46,MA1-FAKE46,b1a7a54e-fd59-ec11-8f8e-000d3a09c7d0,35,15400,1000,1,1800,2,3.7,Sensor 46,100,1.0.1,351249951965555,85,1,0,1,0,1,1,1,1,,49.76063,-122.6556,-20,3,0,50,1,1,25,1,b22ec7e5-036b-4303-b2e0-fc7fef238668,600,0,0,0,0,0,0,,0,100,0
JAMESBLUETOOTH47,MA1-FAKE47,b1a7a54e-fd59-ec11-8f8e-000d3a09c7d0,35,15400,1000,1,1800,2,3.7,Sensor 47,100,1.0.1,351249951965555,85,1,0,1,0,1,1,1,1,,49.77063,-122.6456,-20,3,0,50,1,1,25,1,b22ec7e5-036b-4303-b2e0-fc7fef238668,600,0,0,0,0,0,0,,0,100,0
JAMESBLUETOOTH48,MA1-FAKE48,b1a7a54e-fd59-ec11-8f8e-000d3a09c7d0,35,15400,1000,1,1800,2,3.7,Sensor 48,100,1.0.1,351249951965555,85,1,0,1,0,1,1,1,1,,49.78063,-122.6356,-20,3,0,50,1,1,25,1,b22ec7e5-036b-4303-b2e0-fc7fef238668,600,0,0,0,0,0,0,,0,100,0
JAMESBLUETOOTH49,MA1-FAKE49,b1a7a54e-fd59-ec11-8f8e-000d3a09c7d0,35,15400,1000,1,1800,2,3.7,Sensor 49,100,1.0.1,351249951965555,85,1,0,1,0,1,1,1,1,,49.79063,-122.6256,-20,3,0,50,1,1,25,1,b22ec7e5-036b-4303-b2e0-fc7fef238668,600,0,0,0,0,0,0,,0,100,0
JAMESBLUETOOTH5,MA1-FAKE5,b1a7a54e-fd59-ec11-8f8e-000d3a09c7d0,35,15400,1000,1,1800,2,3.7,Sensor 5,100,1.0.1,351249951965555,85,1,0,1,0,1,1,1,1,,49.35063,-123.0656,-20,3,0,50,1,1,25,1,b22ec7e5-036b-4303-b2e0-fc7fef238668,600,0,0,0,0,0,0,,0,100,0
JAMESBLUETOOTH50,MA1-FAKE50,b1a7a54e-fd59-ec11-8f8e-000d3a09c7d0,35,15400,1000,1,1800,2,3.7,Sensor 50,100,1.0.1,351249951965555,85,1,0,1,0,1,1,1,1,,49.80063,-122.6156,-20,3,0,50,1,1,25,1,b22ec7e5-036b-4303-b2e0-fc7fef238668,600,0,0,0,0,0,0,,0,100,0
JAMESBLUETOOTH6,MA1-FAKE6,b1a7a54e-fd59-ec11-8f8e-000d3a09c7d0,35,15400,1000,1,1800,2,3.7,Sensor 6,100,1.0.1,351249951965555,85,1,0,1,0,1,1,1,1,,49.36063,-123.0556,-20,3,0,50,1,1,25,1,b22ec7e5-036b-4303-b2e0-fc7fef238668,600,0,0,0,0,0,0,,0,100,0
JAMESBLUETOOTH7,MA1-FAKE7,b1a7a54e-fd59-ec11-8f8e-000d3a09c7d0,35,15400,1000,1,1800,2,3.7,Sensor 7,100,1.0.1,351249951965555,85,1,0,1,0,1,1,1,1,,49.37063,-123.0456,-20,3,0,50,1,1,25,1,b22ec7e5-036b-4303-b2e0-fc7fef238668,600,0,0,0,0,0,0,,0,100,0
JAMESBLUETOOTH8,MA1-FAKE8,b1a7a54e-fd59-ec11-8f8e-000d3a09c7d0,35,15400,1000,1,1800,2,3.7,Sensor 8,100,1.0.1,351249951965555,85,1,0,1,0,1,1,1,1,,49.38063,-123.0356,-20,3,0,50,1,1,25,1,b22ec7e5-036b-4303-b2e0-fc7fef238668,600,0,0,0,0,0,0,,0,100,0
JAMESBLUETOOTH9,MA1-FAKE9,b1a7a54e-fd59-ec11-8f8e-000d3a09c7d0,35,15400,1000,1,1800,2,3.7,Sensor 9,100,1.0.1,351249951965555,85,1,0,1,0,1,1,1,1,,49.39063,-123.0256,-20,3,0,50,1,1,25,1,b22ec7e5-036b-4303-b2e0-fc7fef238668,600,0,0,0,0,0,0,,0,100,0
